,url,video_id,celeb,index,extracted
0,https://www.youtube.com/watch?v=BoerYT42Sdg,BoerYT42Sdg,Udo Kier,0,0.0
1,https://www.youtube.com/watch?v=HP0LmQgA2zA,HP0LmQgA2zA,Uli Forte,1,5.0
2,https://www.youtube.com/watch?v=-w1nuQj01vE,-w1nuQj01vE,Uli Forte,2,3.0
3,https://www.youtube.com/watch?v=-ZOuPRHix_A,-ZOuPRHix_A,Uli Forte,3,0.0
4,https://www.youtube.com/watch?v=TeyqDKeyBF4,TeyqDKeyBF4,Uli Hoeneß,4,0.0
5,https://www.youtube.com/watch?v=BroWiCDi7Hg,BroWiCDi7Hg,Ulrik Wilbek,5,
6,https://www.youtube.com/watch?v=b7hdSmL16KU,b7hdSmL16KU,Ulrike Folkerts,6,
7,https://www.youtube.com/watch?v=C3TDkj9_UJg,C3TDkj9_UJg,Ulrike Folkerts,7,
8,https://www.youtube.com/watch?v=sPZi28KFHDM,sPZi28KFHDM,Unai Emery,8,0.0
9,https://www.youtube.com/watch?v=k8fQnTyZY5s,k8fQnTyZY5s,Unai Emery,9,0.0
10,https://www.youtube.com/watch?v=xrqln8iXYP8,xrqln8iXYP8,Unai Emery,10,4.0
11,https://www.youtube.com/watch?v=Ucy7FYSUo-E,Ucy7FYSUo-E,Unai Emery,11,3.0
12,https://www.youtube.com/watch?v=PsUTaAP08Sk,PsUTaAP08Sk,Unai Emery,12,2.0
13,https://www.youtube.com/watch?v=79iMm9IAcLE,79iMm9IAcLE,Undertaker,13,0.0
14,https://www.youtube.com/watch?v=QkNCv6v12Tk,QkNCv6v12Tk,Undertaker,14,0.0
15,https://www.youtube.com/watch?v=G7SauOEo1BI,G7SauOEo1BI,Undertaker,15,
16,https://www.youtube.com/watch?v=-wNInm_ufx0,-wNInm_ufx0,Undertaker,16,0.0
17,https://www.youtube.com/watch?v=4qh7t0KZW8c,4qh7t0KZW8c,Undertaker,17,4.0
18,https://www.youtube.com/watch?v=tK7gsYllSGI,tK7gsYllSGI,Undertaker,18,0.0
19,https://www.youtube.com/watch?v=rEbZWKwDKmA,rEbZWKwDKmA,Upasana Singh,19,0.0
20,https://www.youtube.com/watch?v=8SjVcRb_hvI,8SjVcRb_hvI,Upasana Singh,20,1.0
21,https://www.youtube.com/watch?v=5zv7eOKE3V4,5zv7eOKE3V4,Upasana Singh,21,1.0
22,https://www.youtube.com/watch?v=SKqAploY-b8,SKqAploY-b8,Upasana Singh,22,0.0
23,https://www.youtube.com/watch?v=IBVOLq-Cbgk,IBVOLq-Cbgk,Upasana Singh,23,0.0
24,https://www.youtube.com/watch?v=rx45nUIWVJ4,rx45nUIWVJ4,Upasana Singh,24,0.0
25,https://www.youtube.com/watch?v=sEIq3NupQ9U,sEIq3NupQ9U,Upasana Singh,25,0.0
26,https://www.youtube.com/watch?v=PdUd54nSjEo,PdUd54nSjEo,Upasana Singh,26,0.0
27,https://www.youtube.com/watch?v=wFlPYTmnvLk,wFlPYTmnvLk,Upasana Singh,27,0.0
28,https://www.youtube.com/watch?v=Z7X1wl3Zzl0,Z7X1wl3Zzl0,Upasana Singh,28,0.0
29,https://www.youtube.com/watch?v=ap_TIiIMsmY,ap_TIiIMsmY,Upasana Singh,29,0.0
30,https://www.youtube.com/watch?v=2GmnJiBMv1M,2GmnJiBMv1M,Upasana Singh,30,0.0
31,https://www.youtube.com/watch?v=HmLWpO7mORw,HmLWpO7mORw,Upasana Singh,31,0.0
32,https://www.youtube.com/watch?v=bMmaxlv83co,bMmaxlv83co,Upasana Singh,32,0.0
33,https://www.youtube.com/watch?v=8MohfFDfBOw,8MohfFDfBOw,Upasana Singh,33,4.0
34,https://www.youtube.com/watch?v=E30Qx4SSpOU,E30Qx4SSpOU,Upasana Singh,34,0.0
35,https://www.youtube.com/watch?v=ahQEZzPawzA,ahQEZzPawzA,Upasana Singh,35,3.0
36,https://www.youtube.com/watch?v=yhfqu2sNrIs,yhfqu2sNrIs,Upasana Singh,36,2.0
37,https://www.youtube.com/watch?v=4BrKVwWQQYQ,4BrKVwWQQYQ,Upasana Singh,37,0.0
38,https://www.youtube.com/watch?v=6XdnsbWAwyM,6XdnsbWAwyM,Upasana Singh,38,0.0
39,https://www.youtube.com/watch?v=LS8jo--iw84,LS8jo--iw84,Upasana Singh,39,0.0
40,https://www.youtube.com/watch?v=mqVY_rq3UC8,mqVY_rq3UC8,Upasana Singh,40,0.0
41,https://www.youtube.com/watch?v=043DzaweYPY,043DzaweYPY,Upasana Singh,41,0.0
42,https://www.youtube.com/watch?v=Knumc3mf50U,Knumc3mf50U,Upasana Singh,42,3.0
43,https://www.youtube.com/watch?v=9knxsGusl44,9knxsGusl44,Upasana Singh,43,0.0
44,https://www.youtube.com/watch?v=oj3sJFNeJHg,oj3sJFNeJHg,Upasana Singh,44,0.0
45,https://www.youtube.com/watch?v=MYPLpq90qKI,MYPLpq90qKI,Upasana Singh,45,0.0
46,https://www.youtube.com/watch?v=dA9NlzbSYRo,dA9NlzbSYRo,Upasana Singh,46,0.0
47,https://www.youtube.com/watch?v=WMjRqzoGsvA,WMjRqzoGsvA,Uri Geller,47,0.0
48,https://www.youtube.com/watch?v=0PHXbBLLh7A,0PHXbBLLh7A,Ursula Andress,48,
49,https://www.youtube.com/watch?v=33-M5T1h4FE,33-M5T1h4FE,Usha Nadkarni,49,0.0
50,https://www.youtube.com/watch?v=cBNFTUjDadU,cBNFTUjDadU,Usha Nadkarni,50,0.0
51,https://www.youtube.com/watch?v=XFJlN2HcwkA,XFJlN2HcwkA,Usha Nadkarni,51,3.0
52,https://www.youtube.com/watch?v=Fa6PGcbDaDI,Fa6PGcbDaDI,Usha Nadkarni,52,2.0
53,https://www.youtube.com/watch?v=5HK-iVrFUSs,5HK-iVrFUSs,Usha Nadkarni,53,5.0
54,https://www.youtube.com/watch?v=d5EFpWyoj3M,d5EFpWyoj3M,Usha Nadkarni,54,0.0
55,https://www.youtube.com/watch?v=alB78NKMScQ,alB78NKMScQ,Usha Nadkarni,55,
56,https://www.youtube.com/watch?v=5ET3rcs6U88,5ET3rcs6U88,Usman Khawaja,56,0.0
57,https://www.youtube.com/watch?v=z-ptK5CuKGU,z-ptK5CuKGU,Usman Khawaja,57,1.0
58,https://www.youtube.com/watch?v=v4nBepR9o34,v4nBepR9o34,Usman Khawaja,58,0.0
59,https://www.youtube.com/watch?v=f9nr9GIs6r4,f9nr9GIs6r4,Usman Khawaja,59,0.0
60,https://www.youtube.com/watch?v=P2kLqXfFFE4,P2kLqXfFFE4,Usman Khawaja,60,0.0
61,https://www.youtube.com/watch?v=C5mOUjQ3_e0,C5mOUjQ3_e0,Vadivelu,61,4.0
62,https://www.youtube.com/watch?v=Uc-dJRMJ0wE,Uc-dJRMJ0wE,Vadivelu,62,0.0
63,https://www.youtube.com/watch?v=8S70lv4zLzE,8S70lv4zLzE,Vadivelu,63,0.0
64,https://www.youtube.com/watch?v=gVhwKZDsx2w,gVhwKZDsx2w,Vadivelu,64,5.0
65,https://www.youtube.com/watch?v=Oanm0fKUSF0,Oanm0fKUSF0,Vahid Halilhodžić,65,
66,https://www.youtube.com/watch?v=8s076nitGf4,8s076nitGf4,Vahid Halilhodžić,66,0.0
67,https://www.youtube.com/watch?v=dSp6uzxQ6sc,dSp6uzxQ6sc,Vahina Giocante,67,
68,https://www.youtube.com/watch?v=PaAk7tkT4vs,PaAk7tkT4vs,Vahina Giocante,68,2.0
69,https://www.youtube.com/watch?v=VVrTGzMs8MQ,VVrTGzMs8MQ,Valentin Inzko,69,0.0
70,https://www.youtube.com/watch?v=Yz30fgHoNVc,Yz30fgHoNVc,Valentin Stocker,70,0.0
71,https://www.youtube.com/watch?v=hTVYknJb06k,hTVYknJb06k,Valentina Cervi,71,
72,https://www.youtube.com/watch?v=r4lKIYVzGOE,r4lKIYVzGOE,Valentina Patruno,72,
73,https://www.youtube.com/watch?v=q0Ye3epOABA,q0Ye3epOABA,Valentina Patruno,73,
74,https://www.youtube.com/watch?v=1cPP1LQaTGs,1cPP1LQaTGs,Valentina Patruno,74,2.0
75,https://www.youtube.com/watch?v=y6IASdDn9So,y6IASdDn9So,Valeria Bilello,75,5.0
76,https://www.youtube.com/watch?v=deqNEgQa6Pg,deqNEgQa6Pg,Valeria Bilello,76,1.0
77,https://www.youtube.com/watch?v=P4KZC8DfCSA,P4KZC8DfCSA,Valeria Bilello,77,2.0
78,https://www.youtube.com/watch?v=YA_9eIEB7ik,YA_9eIEB7ik,Valeria Bilello,78,
79,https://www.youtube.com/watch?v=iPlp0L37fW4,iPlp0L37fW4,Valeria Solarino,79,36.0
80,https://www.youtube.com/watch?v=tMJD8y5tA7s,tMJD8y5tA7s,Valerie Adams,80,3.0
81,https://www.youtube.com/watch?v=twH1tmpiK2U,twH1tmpiK2U,Valerie Niehaus,81,4.0
82,https://www.youtube.com/watch?v=LfmaxiM7yt8,LfmaxiM7yt8,Valerie Plame,82,0.0
83,https://www.youtube.com/watch?v=ZLP5YgnHnhY,ZLP5YgnHnhY,Valery Ortiz,83,0.0
84,https://www.youtube.com/watch?v=cfLX3SLf5kY,cfLX3SLf5kY,Valérie Lemercier,84,
85,https://www.youtube.com/watch?v=eHqGctjFxUI,eHqGctjFxUI,Valérie Lemercier,85,2.0
86,https://www.youtube.com/watch?v=_RrfFeE1gto,_RrfFeE1gto,Van Hansis,86,1.0
87,https://www.youtube.com/watch?v=pKRafCtV3BM,pKRafCtV3BM,Vaneeza Ahmad,87,0.0
88,https://www.youtube.com/watch?v=x66KWbrZRKk,x66KWbrZRKk,Vaneeza Ahmad,88,
89,https://www.youtube.com/watch?v=QSMpv8nFnLU,QSMpv8nFnLU,Vaneeza Ahmad,89,0.0
90,https://www.youtube.com/watch?v=DeTwkaAz_nA,DeTwkaAz_nA,Vanesa Romero,90,1.0
91,https://www.youtube.com/watch?v=SXBZyVz-Rlc,SXBZyVz-Rlc,Vanesa Romero,91,2.0
92,https://www.youtube.com/watch?v=75JREH1jPp4,75JREH1jPp4,Vanessa Feltz,92,0.0
93,https://www.youtube.com/watch?v=opmg-wNGwGA,opmg-wNGwGA,Vania King,93,4.0
94,https://www.youtube.com/watch?v=-eFvL7PCrSo,-eFvL7PCrSo,Vania King,94,3.0
95,https://www.youtube.com/watch?v=UGh33IfM5_s,UGh33IfM5_s,Vania King,95,16.0
96,https://www.youtube.com/watch?v=dDj1VA8CxLs,dDj1VA8CxLs,Varalaxmi Sarathkumar,96,0.0
97,https://www.youtube.com/watch?v=miIUcsQpSnI,miIUcsQpSnI,Varalaxmi Sarathkumar,97,0.0
98,https://www.youtube.com/watch?v=od6F1mQbULY,od6F1mQbULY,Varalaxmi Sarathkumar,98,0.0
99,https://www.youtube.com/watch?v=CbOHGb3T0PU,CbOHGb3T0PU,Varalaxmi Sarathkumar,99,1.0
100,https://www.youtube.com/watch?v=STWIFCGkuO0,STWIFCGkuO0,Varalaxmi Sarathkumar,100,5.0
101,https://www.youtube.com/watch?v=Bb6iKZFKH7s,Bb6iKZFKH7s,Varalaxmi Sarathkumar,101,0.0
102,https://www.youtube.com/watch?v=Iv1kcBfh3Mk,Iv1kcBfh3Mk,Varalaxmi Sarathkumar,102,0.0
103,https://www.youtube.com/watch?v=81uSNmi9nwg,81uSNmi9nwg,Varalaxmi Sarathkumar,103,0.0
104,https://www.youtube.com/watch?v=skcblLyTNKI,skcblLyTNKI,Varalaxmi Sarathkumar,104,0.0
105,https://www.youtube.com/watch?v=Z6HdbzJwt2I,Z6HdbzJwt2I,Varalaxmi Sarathkumar,105,2.0
106,https://www.youtube.com/watch?v=qleBK2yXo8w,qleBK2yXo8w,Varalaxmi Sarathkumar,106,0.0
107,https://www.youtube.com/watch?v=qgSgUQ7lJSE,qgSgUQ7lJSE,Varalaxmi Sarathkumar,107,0.0
108,https://www.youtube.com/watch?v=5dbeXAeUelw,5dbeXAeUelw,Varalaxmi Sarathkumar,108,0.0
109,https://www.youtube.com/watch?v=2CR4RhePwVU,2CR4RhePwVU,Varalaxmi Sarathkumar,109,
110,https://www.youtube.com/watch?v=i0Yg706jcas,i0Yg706jcas,Varalaxmi Sarathkumar,110,0.0
111,https://www.youtube.com/watch?v=_wWNHmZYnoQ,_wWNHmZYnoQ,Varalaxmi Sarathkumar,111,
112,https://www.youtube.com/watch?v=LiaCt2GrUKw,LiaCt2GrUKw,Varalaxmi Sarathkumar,112,
113,https://www.youtube.com/watch?v=oHO8xuNeA-g,oHO8xuNeA-g,Varalaxmi Sarathkumar,113,3.0
114,https://www.youtube.com/watch?v=gRA-a5L1mmk,gRA-a5L1mmk,Varalaxmi Sarathkumar,114,0.0
115,https://www.youtube.com/watch?v=kQ1ZBYkhbeQ,kQ1ZBYkhbeQ,Varalaxmi Sarathkumar,115,0.0
116,https://www.youtube.com/watch?v=XeaLbuF-Sss,XeaLbuF-Sss,Varalaxmi Sarathkumar,116,0.0
117,https://www.youtube.com/watch?v=_tAL8MiQpyM,_tAL8MiQpyM,Varalaxmi Sarathkumar,117,
118,https://www.youtube.com/watch?v=Lldp4D8rE88,Lldp4D8rE88,Varalaxmi Sarathkumar,118,8.0
119,https://www.youtube.com/watch?v=6XSgksqXgpE,6XSgksqXgpE,Varalaxmi Sarathkumar,119,0.0
120,https://www.youtube.com/watch?v=qDS1zLeHN2A,qDS1zLeHN2A,Varalaxmi Sarathkumar,120,0.0
121,https://www.youtube.com/watch?v=_tFi62Lc4Og,_tFi62Lc4Og,Varujan Vosganian,121,28.0
122,https://www.youtube.com/watch?v=I9iCav452NI,I9iCav452NI,Varun Sandesh,122,0.0
123,https://www.youtube.com/watch?v=4Z9KvCIU6jU,4Z9KvCIU6jU,Vasyl Lomachenko,123,2.0
124,https://www.youtube.com/watch?v=G59u2GCzwJA,G59u2GCzwJA,Vasyl Lomachenko,124,5.0
125,https://www.youtube.com/watch?v=13wHHpLwVTk,13wHHpLwVTk,Vasyl Lomachenko,125,0.0
126,https://www.youtube.com/watch?v=Eg9S6TWthrE,Eg9S6TWthrE,Vasyl Lomachenko,126,0.0
127,https://www.youtube.com/watch?v=sGmJwY5Xxn0,sGmJwY5Xxn0,Vasyl Lomachenko,127,
128,https://www.youtube.com/watch?v=8QMm1SGty1k,8QMm1SGty1k,Vasyl Lomachenko,128,0.0
129,https://www.youtube.com/watch?v=6L8zi3G_gwo,6L8zi3G_gwo,Vatsal Sheth,129,0.0
130,https://www.youtube.com/watch?v=wM7yW7gh2bs,wM7yW7gh2bs,Vatsal Sheth,130,0.0
131,https://www.youtube.com/watch?v=6C-jkR86N4k,6C-jkR86N4k,Vatsal Sheth,131,1.0
132,https://www.youtube.com/watch?v=fJk6UdKrj5U,fJk6UdKrj5U,Vatsal Sheth,132,3.0
133,https://www.youtube.com/watch?v=vgQylXLSqCM,vgQylXLSqCM,Vatsal Sheth,133,1.0
134,https://www.youtube.com/watch?v=fjtWUefaYYY,fjtWUefaYYY,Vatsal Sheth,134,0.0
135,https://www.youtube.com/watch?v=bZmzwesfs58,bZmzwesfs58,Vatsal Sheth,135,0.0
136,https://www.youtube.com/watch?v=fU965XGFQj4,fU965XGFQj4,Vatsal Sheth,136,0.0
137,https://www.youtube.com/watch?v=KWdlYMKXgLU,KWdlYMKXgLU,Vatsal Sheth,137,
138,https://www.youtube.com/watch?v=gGghWbG9k-U,gGghWbG9k-U,Vatsal Sheth,138,0.0
139,https://www.youtube.com/watch?v=kXN4vwHTrZE,kXN4vwHTrZE,Vatsal Sheth,139,0.0
140,https://www.youtube.com/watch?v=bzdh6KObnNc,bzdh6KObnNc,Vatsal Sheth,140,0.0
141,https://www.youtube.com/watch?v=GdMGeGRYr4c,GdMGeGRYr4c,Vatsal Sheth,141,0.0
142,https://www.youtube.com/watch?v=3PPtzI_q4J4,3PPtzI_q4J4,Vatsal Sheth,142,0.0
143,https://www.youtube.com/watch?v=dIPN-JyA4oA,dIPN-JyA4oA,Vatsal Sheth,143,0.0
144,https://www.youtube.com/watch?v=aB-aHOhXjUs,aB-aHOhXjUs,Vatsal Sheth,144,1.0
145,https://www.youtube.com/watch?v=BCsMTjajJag,BCsMTjajJag,Vatsal Sheth,145,0.0
146,https://www.youtube.com/watch?v=GDuiC47HHXs,GDuiC47HHXs,Vatsal Sheth,146,0.0
147,https://www.youtube.com/watch?v=OrqBgcgjhDI,OrqBgcgjhDI,Vatsal Sheth,147,
148,https://www.youtube.com/watch?v=bdLXcZ6bJak,bdLXcZ6bJak,Vatsal Sheth,148,2.0
149,https://www.youtube.com/watch?v=Phr4qXpQGBU,Phr4qXpQGBU,Vatsal Sheth,149,0.0
150,https://www.youtube.com/watch?v=b_k5P19HhgI,b_k5P19HhgI,Vatsal Sheth,150,0.0
151,https://www.youtube.com/watch?v=4cw92dkfVV4,4cw92dkfVV4,Vatsal Sheth,151,
152,https://www.youtube.com/watch?v=At-6OeJ_VT4,At-6OeJ_VT4,Vatsal Sheth,152,0.0
153,https://www.youtube.com/watch?v=Jj7mS7Lm2w4,Jj7mS7Lm2w4,Vatsal Sheth,153,0.0
154,https://www.youtube.com/watch?v=IcyS0GiHcWA,IcyS0GiHcWA,Vatsal Sheth,154,0.0
155,https://www.youtube.com/watch?v=6aiAszBy-tA,6aiAszBy-tA,Vatsal Sheth,155,1.0
156,https://www.youtube.com/watch?v=sC-zbhYZs-8,sC-zbhYZs-8,Vatsal Sheth,156,2.0
157,https://www.youtube.com/watch?v=l1Ji7l-xxHQ,l1Ji7l-xxHQ,Vatsal Sheth,157,0.0
158,https://www.youtube.com/watch?v=x3NFmCj7bQE,x3NFmCj7bQE,Vatsal Sheth,158,0.0
159,https://www.youtube.com/watch?v=t9r19RV4pJc,t9r19RV4pJc,Vayalar Ravi,159,0.0
160,https://www.youtube.com/watch?v=bDh2OyXq1iE,bDh2OyXq1iE,Veena Malik,160,0.0
161,https://www.youtube.com/watch?v=pM-2QwZpxvc,pM-2QwZpxvc,Veena Malik,161,0.0
162,https://www.youtube.com/watch?v=jsL2_eJcEJM,jsL2_eJcEJM,Veena Malik,162,
163,https://www.youtube.com/watch?v=FFmCEO2aohM,FFmCEO2aohM,Veena Malik,163,0.0
164,https://www.youtube.com/watch?v=2uixiK_TxqA,2uixiK_TxqA,Veena Malik,164,0.0
165,https://www.youtube.com/watch?v=G1m7J9BMUx8,G1m7J9BMUx8,Veena Malik,165,0.0
166,https://www.youtube.com/watch?v=UanZD7CPD3w,UanZD7CPD3w,Veena Malik,166,0.0
167,https://www.youtube.com/watch?v=Hy6rZpPyMb4,Hy6rZpPyMb4,Venkaiah Naidu,167,0.0
168,https://www.youtube.com/watch?v=ZgqnqJZvrXA,ZgqnqJZvrXA,Venus Raj,168,
169,https://www.youtube.com/watch?v=Tc3k0ElAGSA,Tc3k0ElAGSA,Venus Raj,169,4.0
170,https://www.youtube.com/watch?v=irZs2xHiasM,irZs2xHiasM,Venus Williams,170,1.0
171,https://www.youtube.com/watch?v=97QAr7zIpTA,97QAr7zIpTA,Venus Williams,171,0.0
172,https://www.youtube.com/watch?v=EkQfgOA_-4Y,EkQfgOA_-4Y,Venus Williams,172,0.0
173,https://www.youtube.com/watch?v=MxFl8lOXzAs,MxFl8lOXzAs,Venus Williams,173,0.0
174,https://www.youtube.com/watch?v=aEz3p2FUFf8,aEz3p2FUFf8,Venus Williams,174,6.0
175,https://www.youtube.com/watch?v=f95vLBqYBTE,f95vLBqYBTE,Venus Williams,175,0.0
176,https://www.youtube.com/watch?v=-1VqLmY_2zA,-1VqLmY_2zA,Venus Williams,176,1.0
177,https://www.youtube.com/watch?v=Y0SdDAZ5glc,Y0SdDAZ5glc,Venus Williams,177,0.0
178,https://www.youtube.com/watch?v=cE1K46BjM2U,cE1K46BjM2U,Venus Williams,178,0.0
179,https://www.youtube.com/watch?v=88IkxxX0MpM,88IkxxX0MpM,Venus Williams,179,0.0
180,https://www.youtube.com/watch?v=VHqn2fdJ2DE,VHqn2fdJ2DE,Venus Williams,180,0.0
181,https://www.youtube.com/watch?v=4tQPqWgyiKY,4tQPqWgyiKY,Venus Williams,181,0.0
182,https://www.youtube.com/watch?v=b1-ulJy5VhU,b1-ulJy5VhU,Venus Williams,182,0.0
183,https://www.youtube.com/watch?v=CKipHUf3II0,CKipHUf3II0,Verónica Castro,183,
184,https://www.youtube.com/watch?v=xliwPgxQ45I,xliwPgxQ45I,Vesna Pusić,184,0.0
185,https://www.youtube.com/watch?v=t1WZX0MOlkg,t1WZX0MOlkg,Vesna Pusić,185,0.0
186,https://www.youtube.com/watch?v=vlv86fsIFLQ,vlv86fsIFLQ,Vesna Pusić,186,2.0
187,https://www.youtube.com/watch?v=y9CLQU__qfs,y9CLQU__qfs,Vesna Pusić,187,0.0
188,https://www.youtube.com/watch?v=Cwq4Q9J_QN0,Cwq4Q9J_QN0,Vesna Pusić,188,0.0
189,https://www.youtube.com/watch?v=eqpp8xdDKic,eqpp8xdDKic,Vicente Fox,189,0.0
190,https://www.youtube.com/watch?v=PRypuqv7gEE,PRypuqv7gEE,Vickie Guerrero,190,7.0
191,https://www.youtube.com/watch?v=4_GkDa1BZAo,4_GkDa1BZAo,Vickie Guerrero,191,4.0
192,https://www.youtube.com/watch?v=5wjQ2kbxS8I,5wjQ2kbxS8I,Vickie Guerrero,192,2.0
193,https://www.youtube.com/watch?v=59WAhqKUvjE,59WAhqKUvjE,Vickie Guerrero,193,3.0
194,https://www.youtube.com/watch?v=qOwpSsMB-7Q,qOwpSsMB-7Q,Vickie Guerrero,194,2.0
195,https://www.youtube.com/watch?v=Z_hS5FCNOOM,Z_hS5FCNOOM,Vickie Guerrero,195,5.0
196,https://www.youtube.com/watch?v=k1oDepkKFO8,k1oDepkKFO8,Victor Garber,196,
197,https://www.youtube.com/watch?v=2OnGhiq9HDo,2OnGhiq9HDo,Victor Ortiz,197,3.0
198,https://www.youtube.com/watch?v=x4YsD8xR96Y,x4YsD8xR96Y,Victoria Gotti,198,
199,https://www.youtube.com/watch?v=D7Kfsta07Ok,D7Kfsta07Ok,Victoria Lopyreva,199,0.0
200,https://www.youtube.com/watch?v=OtREzdHfUTc,OtREzdHfUTc,Victoria Lopyreva,200,
201,https://www.youtube.com/watch?v=dUwVJAnQaBM,dUwVJAnQaBM,Victoria Lopyreva,201,0.0
202,https://www.youtube.com/watch?v=mKhw8l97wUw,mKhw8l97wUw,Victoria Lopyreva,202,2.0
203,https://www.youtube.com/watch?v=fA_NBjQK9Ko,fA_NBjQK9Ko,Victoria Lopyreva,203,1.0
204,https://www.youtube.com/watch?v=sILDOO631ew,sILDOO631ew,Victoria Lopyreva,204,7.0
205,https://www.youtube.com/watch?v=4lERt6KhZEY,4lERt6KhZEY,Victoria Lopyreva,205,
206,https://www.youtube.com/watch?v=mi-cy3EsAs8,mi-cy3EsAs8,Victoria Lopyreva,206,3.0
207,https://www.youtube.com/watch?v=GkAY7p0wqy0,GkAY7p0wqy0,Victoria Lopyreva,207,0.0
208,https://www.youtube.com/watch?v=CPP5oLZ4AmU,CPP5oLZ4AmU,Victoria Lopyreva,208,14.0
209,https://www.youtube.com/watch?v=3QWAO-rF3nU,3QWAO-rF3nU,Victoria Lopyreva,209,
210,https://www.youtube.com/watch?v=o85mL7n5x40,o85mL7n5x40,Victoria Lopyreva,210,
211,https://www.youtube.com/watch?v=zbftVGhBDkM,zbftVGhBDkM,Victoria Smurfit,211,
212,https://www.youtube.com/watch?v=887EzhZiV48,887EzhZiV48,Vida Guerra,212,2.0
213,https://www.youtube.com/watch?v=vc7nOrSJCeY,vc7nOrSJCeY,Vida Samadzai,213,3.0
214,https://www.youtube.com/watch?v=k1nhqY8syfc,k1nhqY8syfc,Vida Samadzai,214,0.0
215,https://www.youtube.com/watch?v=mbrLbIE_fMQ,mbrLbIE_fMQ,Vijay Antony,215,4.0
216,https://www.youtube.com/watch?v=KHYx-2Um-44,KHYx-2Um-44,Vijay Antony,216,0.0
217,https://www.youtube.com/watch?v=CE_B1eYlIzU,CE_B1eYlIzU,Vijay Antony,217,1.0
218,https://www.youtube.com/watch?v=SRLnBdPYfYE,SRLnBdPYfYE,Vijay Antony,218,4.0
219,https://www.youtube.com/watch?v=f02H1Vt6x60,f02H1Vt6x60,Vijay Antony,219,0.0
220,https://www.youtube.com/watch?v=H_i21JW2TYA,H_i21JW2TYA,Vijay Antony,220,0.0
221,https://www.youtube.com/watch?v=uUVd5pppRks,uUVd5pppRks,Vijay Antony,221,3.0
222,https://www.youtube.com/watch?v=lrdflwLosBc,lrdflwLosBc,Vijay Antony,222,0.0
223,https://www.youtube.com/watch?v=LrfpsIahHuA,LrfpsIahHuA,Vijay Antony,223,7.0
224,https://www.youtube.com/watch?v=GdDt9yp7yMs,GdDt9yp7yMs,Vijay Antony,224,7.0
225,https://www.youtube.com/watch?v=DAF_VFVN-Os,DAF_VFVN-Os,Vijay Antony,225,0.0
226,https://www.youtube.com/watch?v=6InFx_biBuc,6InFx_biBuc,Vijay Antony,226,6.0
227,https://www.youtube.com/watch?v=fJkRG_tAuG0,fJkRG_tAuG0,Vijay Antony,227,0.0
228,https://www.youtube.com/watch?v=ODZHJDW2Wrw,ODZHJDW2Wrw,Vijay Antony,228,1.0
229,https://www.youtube.com/watch?v=WypIIY6ftQE,WypIIY6ftQE,Vijay Antony,229,0.0
230,https://www.youtube.com/watch?v=8wGSSWMJOAs,8wGSSWMJOAs,Vijay Antony,230,6.0
231,https://www.youtube.com/watch?v=Kts-1NpLicY,Kts-1NpLicY,Vijay Antony,231,
232,https://www.youtube.com/watch?v=0Ijczxnybo0,0Ijczxnybo0,Vijay Antony,232,0.0
233,https://www.youtube.com/watch?v=uUcmf0UmR78,uUcmf0UmR78,Vijay Antony,233,2.0
234,https://www.youtube.com/watch?v=KOXCS8kVrYk,KOXCS8kVrYk,Vijay Antony,234,
235,https://www.youtube.com/watch?v=IN6CvfHqw50,IN6CvfHqw50,Vijay Antony,235,3.0
236,https://www.youtube.com/watch?v=L2uJSSn8YdM,L2uJSSn8YdM,Vijay Antony,236,0.0
237,https://www.youtube.com/watch?v=ojqShCfjbgU,ojqShCfjbgU,Vijaya Nirmala,237,0.0
238,https://www.youtube.com/watch?v=dMkMiDj69AY,dMkMiDj69AY,Vijaya Nirmala,238,3.0
239,https://www.youtube.com/watch?v=i9WXp2wt47g,i9WXp2wt47g,Vijaya Nirmala,239,3.0
240,https://www.youtube.com/watch?v=Ehb_26hQsww,Ehb_26hQsww,Vijaya Nirmala,240,0.0
241,https://www.youtube.com/watch?v=oelCvXY1dbM,oelCvXY1dbM,Vijaya Nirmala,241,2.0
242,https://www.youtube.com/watch?v=02fohOt24rM,02fohOt24rM,Vijaya Nirmala,242,2.0
243,https://www.youtube.com/watch?v=8DVRZrQ8L1Y,8DVRZrQ8L1Y,Vijaya Nirmala,243,0.0
244,https://www.youtube.com/watch?v=5T7bRnpFoAY,5T7bRnpFoAY,Vijaya Nirmala,244,0.0
245,https://www.youtube.com/watch?v=b8czaOIuVu4,b8czaOIuVu4,Vijaya Nirmala,245,0.0
246,https://www.youtube.com/watch?v=y6nmTkPOcQ8,y6nmTkPOcQ8,Vijaya Nirmala,246,1.0
247,https://www.youtube.com/watch?v=u9GBfLkvQhE,u9GBfLkvQhE,Vijayakanth,247,1.0
248,https://www.youtube.com/watch?v=CV-nA7FqO18,CV-nA7FqO18,Vijayakanth,248,6.0
249,https://www.youtube.com/watch?v=ZqdoRwZeAXA,ZqdoRwZeAXA,Vijayakanth,249,5.0
250,https://www.youtube.com/watch?v=0g23TjYc2a0,0g23TjYc2a0,Vijayakanth,250,
251,https://www.youtube.com/watch?v=IfSQ4rKwIAo,IfSQ4rKwIAo,Vijayakanth,251,2.0
252,https://www.youtube.com/watch?v=cyNE4_u-m6s,cyNE4_u-m6s,Vijayakanth,252,0.0
253,https://www.youtube.com/watch?v=DcH9Q9F1R-E,DcH9Q9F1R-E,Vijayakanth,253,1.0
254,https://www.youtube.com/watch?v=nJvZRsgOP6w,nJvZRsgOP6w,Vijayakanth,254,0.0
255,https://www.youtube.com/watch?v=e-SoYrt_AXo,e-SoYrt_AXo,Vijayakanth,255,
256,https://www.youtube.com/watch?v=pOCBXpy0eLU,pOCBXpy0eLU,Vijayakanth,256,1.0
257,https://www.youtube.com/watch?v=nyU_HC29zTk,nyU_HC29zTk,Vijayakanth,257,7.0
258,https://www.youtube.com/watch?v=OHAc8yxGmWQ,OHAc8yxGmWQ,Vijayakanth,258,0.0
259,https://www.youtube.com/watch?v=xqFg3AueEbY,xqFg3AueEbY,Vijayakanth,259,0.0
260,https://www.youtube.com/watch?v=b6fA5CQXOfw,b6fA5CQXOfw,Vijayakanth,260,0.0
261,https://www.youtube.com/watch?v=zt2C-GxCRQA,zt2C-GxCRQA,Vijayakanth,261,1.0
262,https://www.youtube.com/watch?v=HWjA18cbCsE,HWjA18cbCsE,Vijayakanth,262,0.0
263,https://www.youtube.com/watch?v=2SP8B4sxJ0U,2SP8B4sxJ0U,Vijayakanth,263,0.0
264,https://www.youtube.com/watch?v=EHQnAxGHS_w,EHQnAxGHS_w,Vijayakanth,264,0.0
265,https://www.youtube.com/watch?v=KxwbMBRPOkA,KxwbMBRPOkA,Vijayakanth,265,1.0
266,https://www.youtube.com/watch?v=jk7fL7PTCFA,jk7fL7PTCFA,Vijayakanth,266,2.0
267,https://www.youtube.com/watch?v=Do7UJDNbe7k,Do7UJDNbe7k,Vijayakanth,267,0.0
268,https://www.youtube.com/watch?v=0aC-kbhUQCc,0aC-kbhUQCc,Vijayakanth,268,1.0
269,https://www.youtube.com/watch?v=MckBjPLLQAk,MckBjPLLQAk,Vijayakanth,269,4.0
270,https://www.youtube.com/watch?v=RlVsjsy0L-M,RlVsjsy0L-M,Vijayakanth,270,1.0
271,https://www.youtube.com/watch?v=bPWQhrQyQAE,bPWQhrQyQAE,Vijayakanth,271,0.0
272,https://www.youtube.com/watch?v=Ku0UvtL2D38,Ku0UvtL2D38,Vijayakanth,272,9.0
273,https://www.youtube.com/watch?v=AjVIyCmdPR8,AjVIyCmdPR8,Vijayakanth,273,6.0
274,https://www.youtube.com/watch?v=_Y4c8Dhr-eE,_Y4c8Dhr-eE,Vijayakanth,274,0.0
275,https://www.youtube.com/watch?v=EKO_csVAOmk,EKO_csVAOmk,Vijayakanth,275,5.0
276,https://www.youtube.com/watch?v=wpCAAI1RHdY,wpCAAI1RHdY,Vijayakanth,276,0.0
277,https://www.youtube.com/watch?v=u1ikEdhiKck,u1ikEdhiKck,Vijender Singh,277,0.0
278,https://www.youtube.com/watch?v=thKygWx_OIM,thKygWx_OIM,Vijender Singh,278,9.0
279,https://www.youtube.com/watch?v=LLQF_xg8KNM,LLQF_xg8KNM,Vijender Singh,279,2.0
280,https://www.youtube.com/watch?v=igsffsNf7Xk,igsffsNf7Xk,Vijender Singh,280,0.0
281,https://www.youtube.com/watch?v=FKa0UJY3vYQ,FKa0UJY3vYQ,Vijender Singh,281,1.0
282,https://www.youtube.com/watch?v=vvFpNXHCzZI,vvFpNXHCzZI,Vijender Singh,282,1.0
283,https://www.youtube.com/watch?v=QO16LU_8TBE,QO16LU_8TBE,Vijender Singh,283,2.0
284,https://www.youtube.com/watch?v=gwcIhFQGjl0,gwcIhFQGjl0,Vijender Singh,284,0.0
285,https://www.youtube.com/watch?v=m54_mZWsGuo,m54_mZWsGuo,Vijender Singh,285,4.0
286,https://www.youtube.com/watch?v=Y_z75-J5Czk,Y_z75-J5Czk,Vijender Singh,286,0.0
287,https://www.youtube.com/watch?v=ud18oQzd1eE,ud18oQzd1eE,Vijender Singh,287,0.0
288,https://www.youtube.com/watch?v=XT_0VrprVUA,XT_0VrprVUA,Vijender Singh,288,0.0
289,https://www.youtube.com/watch?v=9vhA7FG2gpw,9vhA7FG2gpw,Vijender Singh,289,0.0
290,https://www.youtube.com/watch?v=0gRECpguR_E,0gRECpguR_E,Vijender Singh,290,0.0
291,https://www.youtube.com/watch?v=okeN9OFvGyg,okeN9OFvGyg,Vijender Singh,291,0.0
292,https://www.youtube.com/watch?v=lUc-CNUbNWo,lUc-CNUbNWo,Vijender Singh,292,0.0
293,https://www.youtube.com/watch?v=Tzd-u3KaMl4,Tzd-u3KaMl4,Vijender Singh,293,4.0
294,https://www.youtube.com/watch?v=R25A0FA2EDA,R25A0FA2EDA,Vijender Singh,294,0.0
295,https://www.youtube.com/watch?v=QexjJGzHpJc,QexjJGzHpJc,Vijender Singh,295,2.0
296,https://www.youtube.com/watch?v=SAE6EhSUeQM,SAE6EhSUeQM,Vijender Singh,296,0.0
297,https://www.youtube.com/watch?v=Ufn0bUPM4ns,Ufn0bUPM4ns,Vijender Singh,297,7.0
298,https://www.youtube.com/watch?v=uDOzlaiUpy4,uDOzlaiUpy4,Vijender Singh,298,0.0
299,https://www.youtube.com/watch?v=ilcSDy6yWsE,ilcSDy6yWsE,Vijender Singh,299,1.0
300,https://www.youtube.com/watch?v=dMyk3VXMxrk,dMyk3VXMxrk,Vijender Singh,300,0.0
301,https://www.youtube.com/watch?v=QScr8EAiRzU,QScr8EAiRzU,Vijender Singh,301,1.0
302,https://www.youtube.com/watch?v=xdulGQOLnoA,xdulGQOLnoA,Vijender Singh,302,0.0
303,https://www.youtube.com/watch?v=4aD4RyglO_4,4aD4RyglO_4,Vijender Singh,303,5.0
304,https://www.youtube.com/watch?v=w_i8M00IT3Y,w_i8M00IT3Y,Vijender Singh,304,5.0
305,https://www.youtube.com/watch?v=Y5DDu8IzKzk,Y5DDu8IzKzk,Viktor Troicki,305,0.0
306,https://www.youtube.com/watch?v=McFboUaRhog,McFboUaRhog,Viktor Troicki,306,5.0
307,https://www.youtube.com/watch?v=qDjgildLdSM,qDjgildLdSM,Viktor Troicki,307,
308,https://www.youtube.com/watch?v=pA1pkmYPank,pA1pkmYPank,Vimala Raman,308,2.0
309,https://www.youtube.com/watch?v=k3LdIrPVsY8,k3LdIrPVsY8,Vimala Raman,309,0.0
310,https://www.youtube.com/watch?v=O1S34xtoObM,O1S34xtoObM,Vimala Raman,310,2.0
311,https://www.youtube.com/watch?v=lu0cEt4Fd9A,lu0cEt4Fd9A,Vimala Raman,311,4.0
312,https://www.youtube.com/watch?v=b5umc8g_hyQ,b5umc8g_hyQ,Vimala Raman,312,1.0
313,https://www.youtube.com/watch?v=8BAKrmay3SY,8BAKrmay3SY,Vimala Raman,313,6.0
314,https://www.youtube.com/watch?v=AzBzDChkyiA,AzBzDChkyiA,Vimala Raman,314,
315,https://www.youtube.com/watch?v=jhq4HZxC1jo,jhq4HZxC1jo,Vimala Raman,315,0.0
316,https://www.youtube.com/watch?v=GUmjYdt5pPo,GUmjYdt5pPo,Vimala Raman,316,0.0
317,https://www.youtube.com/watch?v=dy_oycOLcp0,dy_oycOLcp0,Vimala Raman,317,0.0
318,https://www.youtube.com/watch?v=18tYNtdLFBc,18tYNtdLFBc,Vimala Raman,318,
319,https://www.youtube.com/watch?v=Hw4gBvb1et4,Hw4gBvb1et4,Vimala Raman,319,0.0
320,https://www.youtube.com/watch?v=tByq_Z4CkBw,tByq_Z4CkBw,Vince Gill,320,10.0
321,https://www.youtube.com/watch?v=QIPzxxpU-ms,QIPzxxpU-ms,Vince Gill,321,0.0
322,https://www.youtube.com/watch?v=VGrVHbmtZnk,VGrVHbmtZnk,Vince Gill,322,0.0
323,https://www.youtube.com/watch?v=hTiDEK_Uh8E,hTiDEK_Uh8E,Vince Gill,323,0.0
324,https://www.youtube.com/watch?v=zdqXnlybuZg,zdqXnlybuZg,Vince Gill,324,1.0
325,https://www.youtube.com/watch?v=USH5kJKvWYM,USH5kJKvWYM,Vince Gill,325,3.0
326,https://www.youtube.com/watch?v=SC2tTBiBpgA,SC2tTBiBpgA,Vince Gill,326,0.0
327,https://www.youtube.com/watch?v=huH_jyAKcEQ,huH_jyAKcEQ,Vince Neil,327,1.0
328,https://www.youtube.com/watch?v=Oda7FBv-yWs,Oda7FBv-yWs,Vince Neil,328,0.0
329,https://www.youtube.com/watch?v=v3yzQg6JIrs,v3yzQg6JIrs,Vince Neil,329,0.0
330,https://www.youtube.com/watch?v=jkGVA0DcJjE,jkGVA0DcJjE,Vince Neil,330,0.0
331,https://www.youtube.com/watch?v=22bFury2Edo,22bFury2Edo,Vince Neil,331,3.0
332,https://www.youtube.com/watch?v=tjm_GsjwDPA,tjm_GsjwDPA,Vince Vaughn,332,4.0
333,https://www.youtube.com/watch?v=JYDA3Y_rw1k,JYDA3Y_rw1k,Vince Vaughn,333,8.0
334,https://www.youtube.com/watch?v=VSVfFrGVx7o,VSVfFrGVx7o,Vince Vaughn,334,1.0
335,https://www.youtube.com/watch?v=gvoPG-yVgog,gvoPG-yVgog,Vince Vaughn,335,0.0
336,https://www.youtube.com/watch?v=_bHw1gTLqyM,_bHw1gTLqyM,Vince Vaughn,336,6.0
337,https://www.youtube.com/watch?v=-WbXBPoGILQ,-WbXBPoGILQ,Vince Vaughn,337,
338,https://www.youtube.com/watch?v=NxsOfMNVfZk,NxsOfMNVfZk,Vincent Elbaz,338,0.0
339,https://www.youtube.com/watch?v=hGBZo0sSLJA,hGBZo0sSLJA,Vincent Kartheiser,339,0.0
340,https://www.youtube.com/watch?v=u1LXBFo4ncs,u1LXBFo4ncs,Vincent Piazza,340,
341,https://www.youtube.com/watch?v=6gcj3sTF3KM,6gcj3sTF3KM,Vincent Regan,341,4.0
342,https://www.youtube.com/watch?v=sup0p8paGiY,sup0p8paGiY,Vincenzo Montella,342,0.0
343,https://www.youtube.com/watch?v=mPtlvgULb4c,mPtlvgULb4c,Vinnie Paul,343,
344,https://www.youtube.com/watch?v=2OAiSsny_rU,2OAiSsny_rU,Vinnie Paul,344,0.0
345,https://www.youtube.com/watch?v=XhZKIn8wk4A,XhZKIn8wk4A,Vinnie Paul,345,0.0
346,https://www.youtube.com/watch?v=dhAwh1SKsU4,dhAwh1SKsU4,Vinnie Paul,346,0.0
347,https://www.youtube.com/watch?v=Yv7vjdTOOOg,Yv7vjdTOOOg,Vinnie Paul,347,3.0
348,https://www.youtube.com/watch?v=WS_OlX7-uAU,WS_OlX7-uAU,Vinnie Paul,348,0.0
349,https://www.youtube.com/watch?v=ZGQbJPJTgU4,ZGQbJPJTgU4,Vinnie Paul,349,0.0
350,https://www.youtube.com/watch?v=LFZa0WiGAKQ,LFZa0WiGAKQ,Vinnie Paul,350,0.0
351,https://www.youtube.com/watch?v=PZKDxGJj6K4,PZKDxGJj6K4,Vinnie Paul,351,0.0
352,https://www.youtube.com/watch?v=V03BhMBSZ4U,V03BhMBSZ4U,Viola Davis,352,0.0
353,https://www.youtube.com/watch?v=ce7elMiVTpo,ce7elMiVTpo,Viola Davis,353,0.0
354,https://www.youtube.com/watch?v=dQCXJEdQbXE,dQCXJEdQbXE,Viola Davis,354,0.0
355,https://www.youtube.com/watch?v=IPxByf0zzao,IPxByf0zzao,Viola Davis,355,0.0
356,https://www.youtube.com/watch?v=ZkfknZkAQNc,ZkfknZkAQNc,Viola Davis,356,0.0
357,https://www.youtube.com/watch?v=xU-zhajzad4,xU-zhajzad4,Vir Das,357,0.0
358,https://www.youtube.com/watch?v=tkPm635vnWE,tkPm635vnWE,Vir Das,358,1.0
359,https://www.youtube.com/watch?v=-a6ByTZRJzE,-a6ByTZRJzE,Vir Das,359,0.0
360,https://www.youtube.com/watch?v=C6wRGvYm9VM,C6wRGvYm9VM,Vir Das,360,1.0
361,https://www.youtube.com/watch?v=rve_86keoKc,rve_86keoKc,Vir Das,361,4.0
362,https://www.youtube.com/watch?v=2pIECaL1-aw,2pIECaL1-aw,Vir Das,362,0.0
363,https://www.youtube.com/watch?v=f8BO4p-6jek,f8BO4p-6jek,Vir Das,363,2.0
364,https://www.youtube.com/watch?v=0_yGA1z1spA,0_yGA1z1spA,Vir Das,364,0.0
365,https://www.youtube.com/watch?v=JudmtV-mIqg,JudmtV-mIqg,Vir Das,365,1.0
366,https://www.youtube.com/watch?v=r7ikRgyZKGc,r7ikRgyZKGc,Vir Das,366,1.0
367,https://www.youtube.com/watch?v=ED3wFjZA2Ao,ED3wFjZA2Ao,Vir Das,367,0.0
368,https://www.youtube.com/watch?v=HkVrrZiYwns,HkVrrZiYwns,Vir Das,368,0.0
369,https://www.youtube.com/watch?v=pEu5oGcOBTE,pEu5oGcOBTE,Vir Das,369,3.0
370,https://www.youtube.com/watch?v=MHJqiaIvOxo,MHJqiaIvOxo,Virender Sehwag,370,0.0
371,https://www.youtube.com/watch?v=spnMqSGpLj8,spnMqSGpLj8,Virender Sehwag,371,0.0
372,https://www.youtube.com/watch?v=-UfSmK7p1pQ,-UfSmK7p1pQ,Virender Sehwag,372,0.0
373,https://www.youtube.com/watch?v=9XyeZpgs6ew,9XyeZpgs6ew,Virender Sehwag,373,1.0
374,https://www.youtube.com/watch?v=dPeRNkQiXMs,dPeRNkQiXMs,Virender Sehwag,374,0.0
375,https://www.youtube.com/watch?v=J4-qXmzqIwc,J4-qXmzqIwc,Virender Sehwag,375,0.0
376,https://www.youtube.com/watch?v=PqYwakZ6pSU,PqYwakZ6pSU,Virender Sehwag,376,0.0
377,https://www.youtube.com/watch?v=MwzGKPI7SNE,MwzGKPI7SNE,Virender Sehwag,377,0.0
378,https://www.youtube.com/watch?v=CVD4rbXL4Y0,CVD4rbXL4Y0,Virender Sehwag,378,1.0
379,https://www.youtube.com/watch?v=QCgBhWN7jHQ,QCgBhWN7jHQ,Virender Sehwag,379,1.0
380,https://www.youtube.com/watch?v=iMGu17NOdkg,iMGu17NOdkg,Virender Sehwag,380,0.0
381,https://www.youtube.com/watch?v=2ynAarFIvSo,2ynAarFIvSo,Virender Sehwag,381,0.0
382,https://www.youtube.com/watch?v=T88PeLk0-N0,T88PeLk0-N0,Virender Sehwag,382,1.0
383,https://www.youtube.com/watch?v=PZv0O5GwVUI,PZv0O5GwVUI,Virender Sehwag,383,1.0
384,https://www.youtube.com/watch?v=MupNmH6AMrY,MupNmH6AMrY,Virender Sehwag,384,0.0
385,https://www.youtube.com/watch?v=RWlTfoj-Peg,RWlTfoj-Peg,Virender Sehwag,385,4.0
386,https://www.youtube.com/watch?v=B3PX-cg76rk,B3PX-cg76rk,Virender Sehwag,386,1.0
387,https://www.youtube.com/watch?v=ShccD3yFUmQ,ShccD3yFUmQ,Virender Sehwag,387,1.0
388,https://www.youtube.com/watch?v=SryQrfqzl_U,SryQrfqzl_U,Virender Sehwag,388,2.0
389,https://www.youtube.com/watch?v=7ADady9_CSM,7ADady9_CSM,Virender Sehwag,389,2.0
390,https://www.youtube.com/watch?v=b87WfonAcc4,b87WfonAcc4,Virender Sehwag,390,3.0
391,https://www.youtube.com/watch?v=nQY3zL3frnw,nQY3zL3frnw,Virender Sehwag,391,0.0
392,https://www.youtube.com/watch?v=CuNJJO9yowk,CuNJJO9yowk,Virginie Efira,392,3.0
393,https://www.youtube.com/watch?v=GCZXMzc4ePs,GCZXMzc4ePs,Virginie Efira,393,0.0
394,https://www.youtube.com/watch?v=iSPZc5vKb_k,iSPZc5vKb_k,Virginie Efira,394,6.0
395,https://www.youtube.com/watch?v=qXI43GZySGs,qXI43GZySGs,Virginie Efira,395,3.0
396,https://www.youtube.com/watch?v=ZxBXypumkOc,ZxBXypumkOc,Virginie Efira,396,0.0
397,https://www.youtube.com/watch?v=XRanPFVn-v8,XRanPFVn-v8,Virginie Efira,397,4.0
398,https://www.youtube.com/watch?v=uceuomFqLH8,uceuomFqLH8,Virginie Efira,398,0.0
399,https://www.youtube.com/watch?v=rbqgM2AUMbY,rbqgM2AUMbY,Viswanathan Anand,399,5.0
400,https://www.youtube.com/watch?v=lBFvr5alTMw,lBFvr5alTMw,Viswanathan Anand,400,3.0
401,https://www.youtube.com/watch?v=xuT9EJdrjq8,xuT9EJdrjq8,Viswanathan Anand,401,5.0
402,https://www.youtube.com/watch?v=UCxfyyNV5qo,UCxfyyNV5qo,Viswanathan Anand,402,0.0
403,https://www.youtube.com/watch?v=NiW8LlzAcGs,NiW8LlzAcGs,Viswanathan Anand,403,3.0
404,https://www.youtube.com/watch?v=nFBLYwqhSkY,nFBLYwqhSkY,Viswanathan Anand,404,0.0
405,https://www.youtube.com/watch?v=8afxkUwHnek,8afxkUwHnek,Viswanathan Anand,405,5.0
406,https://www.youtube.com/watch?v=lq9dgO12-uk,lq9dgO12-uk,Viswanathan Anand,406,6.0
407,https://www.youtube.com/watch?v=2myttsU9MJE,2myttsU9MJE,Viswanathan Anand,407,0.0
408,https://www.youtube.com/watch?v=LdUfCbPufpU,LdUfCbPufpU,Viswanathan Anand,408,2.0
409,https://www.youtube.com/watch?v=EAM63UrobT4,EAM63UrobT4,Vitali Klitschko,409,2.0
410,https://www.youtube.com/watch?v=3g_yyoaCdMQ,3g_yyoaCdMQ,Vitali Klitschko,410,0.0
411,https://www.youtube.com/watch?v=jc_DzDTl9nQ,jc_DzDTl9nQ,Vittoria Puccini,411,0.0
412,https://www.youtube.com/watch?v=FD5cK_FkrNg,FD5cK_FkrNg,Vittorio Grigolo,412,
413,https://www.youtube.com/watch?v=7_4fx9gC8Qw,7_4fx9gC8Qw,Vivek Oberoi,413,10.0
414,https://www.youtube.com/watch?v=4Pup8mXtArk,4Pup8mXtArk,Vivek Oberoi,414,6.0
415,https://www.youtube.com/watch?v=M2Bmb1i7VNU,M2Bmb1i7VNU,Vivek Oberoi,415,1.0
416,https://www.youtube.com/watch?v=R01Yr0YrsH8,R01Yr0YrsH8,Vivek Oberoi,416,3.0
417,https://www.youtube.com/watch?v=8y1PmPRwEwU,8y1PmPRwEwU,Vivek Oberoi,417,0.0
418,https://www.youtube.com/watch?v=ebGozPbMOnE,ebGozPbMOnE,Vivek Oberoi,418,1.0
419,https://www.youtube.com/watch?v=AZoqbI58TAw,AZoqbI58TAw,Vivek Oberoi,419,0.0
420,https://www.youtube.com/watch?v=1mFc8x_xVtY,1mFc8x_xVtY,Vivek Oberoi,420,17.0
421,https://www.youtube.com/watch?v=wQIw1mfEw8s,wQIw1mfEw8s,Vivek Oberoi,421,1.0
422,https://www.youtube.com/watch?v=5yYYXXn-qfg,5yYYXXn-qfg,Vivek Oberoi,422,3.0
423,https://www.youtube.com/watch?v=lf-vFhVPUtU,lf-vFhVPUtU,Vivica A. Fox,423,0.0
424,https://www.youtube.com/watch?v=-ytgX4Lc4k0,-ytgX4Lc4k0,Vladimir Kramnik,424,0.0
425,https://www.youtube.com/watch?v=HpnSE_L4-4k,HpnSE_L4-4k,Vladimir Kramnik,425,0.0
426,https://www.youtube.com/watch?v=tqVqxG6Q_Ko,tqVqxG6Q_Ko,Vladimir Luxuria,426,8.0
427,https://www.youtube.com/watch?v=ZEFlHPu_wRs,ZEFlHPu_wRs,Vladimir Luxuria,427,3.0
428,https://www.youtube.com/watch?v=KL3mIMtaCmQ,KL3mIMtaCmQ,Vladimir Luxuria,428,4.0
429,https://www.youtube.com/watch?v=drZWEJo6pzM,drZWEJo6pzM,Vladimir Luxuria,429,1.0
430,https://www.youtube.com/watch?v=zJR540nR07k,zJR540nR07k,Vladimir Petković,430,
431,https://www.youtube.com/watch?v=9e5DKi6QU2M,9e5DKi6QU2M,Vladimir Voronin,431,11.0
432,https://www.youtube.com/watch?v=mVKjPdH1_aw,mVKjPdH1_aw,Volker Bouffier,432,3.0
433,https://www.youtube.com/watch?v=LkdZmlvstm8,LkdZmlvstm8,Vítor Pereira,433,
434,https://www.youtube.com/watch?v=vW02Dp8qskk,vW02Dp8qskk,W. Brett Wilson,434,5.0
435,https://www.youtube.com/watch?v=zvTJNFHdaaE,zvTJNFHdaaE,Wael Kfoury,435,0.0
436,https://www.youtube.com/watch?v=OeKU_XHJ8Ec,OeKU_XHJ8Ec,Walter Nudo,436,0.0
437,https://www.youtube.com/watch?v=xhbwP2JoP2s,xhbwP2JoP2s,Walter Nudo,437,0.0
438,https://www.youtube.com/watch?v=EH6ugWpq6Qw,EH6ugWpq6Qw,Walter Nudo,438,
439,https://www.youtube.com/watch?v=5wV8VO0hLko,5wV8VO0hLko,Walter Veltroni,439,0.0
440,https://www.youtube.com/watch?v=aISJt_4kkO0,aISJt_4kkO0,Walter Veltroni,440,25.0
441,https://www.youtube.com/watch?v=-hBG-OcRPd4,-hBG-OcRPd4,Warren Sapp,441,0.0
442,https://www.youtube.com/watch?v=CaLDw8X4Q7E,CaLDw8X4Q7E,Warren Sapp,442,1.0
443,https://www.youtube.com/watch?v=rdvp3LqLodI,rdvp3LqLodI,Warren Sapp,443,1.0
444,https://www.youtube.com/watch?v=SaN4q4DZZRU,SaN4q4DZZRU,Warren Sapp,444,2.0
445,https://www.youtube.com/watch?v=U4fA-N4hKUc,U4fA-N4hKUc,Warren Sapp,445,9.0
446,https://www.youtube.com/watch?v=AaVKJFWx0Pg,AaVKJFWx0Pg,Warren Sapp,446,5.0
447,https://www.youtube.com/watch?v=4hVNc9nKSpo,4hVNc9nKSpo,Warren Sapp,447,0.0
448,https://www.youtube.com/watch?v=7-AI9kCdZao,7-AI9kCdZao,Warren Sapp,448,3.0
449,https://www.youtube.com/watch?v=tUZbek7hJ2o,tUZbek7hJ2o,Warren Sapp,449,2.0
450,https://www.youtube.com/watch?v=0MKvWnZjmO0,0MKvWnZjmO0,Warren Sapp,450,3.0
451,https://www.youtube.com/watch?v=4WE5d_1XZsY,4WE5d_1XZsY,Warwick Davis,451,0.0
452,https://www.youtube.com/watch?v=rsyFgW2uDeE,rsyFgW2uDeE,Warwick Davis,452,1.0
453,https://www.youtube.com/watch?v=wyFssMDtUU4,wyFssMDtUU4,Warwick Davis,453,0.0
454,https://www.youtube.com/watch?v=GinXGL1oPnw,GinXGL1oPnw,Warwick Davis,454,0.0
455,https://www.youtube.com/watch?v=dKggp0PkWgA,dKggp0PkWgA,Warwick Davis,455,2.0
456,https://www.youtube.com/watch?v=i7s9b4cvASU,i7s9b4cvASU,Warwick Davis,456,0.0
457,https://www.youtube.com/watch?v=2EPpZuqfrVI,2EPpZuqfrVI,Warwick Davis,457,0.0
458,https://www.youtube.com/watch?v=lCwGMyLuzhA,lCwGMyLuzhA,Wes Hoolahan,458,0.0
459,https://www.youtube.com/watch?v=KAG8Va-M86k,KAG8Va-M86k,Wes Hoolahan,459,0.0
460,https://www.youtube.com/watch?v=WpJijrHVQ68,WpJijrHVQ68,Wes Hoolahan,460,0.0
461,https://www.youtube.com/watch?v=3HDFG4tr5xI,3HDFG4tr5xI,Wes Hoolahan,461,0.0
462,https://www.youtube.com/watch?v=sNYwjWeMXBY,sNYwjWeMXBY,Wes Hoolahan,462,
463,https://www.youtube.com/watch?v=PMhjzh6XrHo,PMhjzh6XrHo,Wes Hoolahan,463,
464,https://www.youtube.com/watch?v=yfu-dSV8J9U,yfu-dSV8J9U,Wes Hoolahan,464,0.0
465,https://www.youtube.com/watch?v=y0lnJ0peCSM,y0lnJ0peCSM,Wes Newton,465,0.0
466,https://www.youtube.com/watch?v=PWXg15DNiRM,PWXg15DNiRM,Wesley Sneijder,466,0.0
467,https://www.youtube.com/watch?v=BNoS7F3bymg,BNoS7F3bymg,Wesley Sneijder,467,0.0
468,https://www.youtube.com/watch?v=O80ZDpo_Tbo,O80ZDpo_Tbo,Wesley Sneijder,468,0.0
469,https://www.youtube.com/watch?v=YNByCpuAZFU,YNByCpuAZFU,Wesley Sneijder,469,3.0
470,https://www.youtube.com/watch?v=Z5tQF_QgPKA,Z5tQF_QgPKA,Wesley Sneijder,470,0.0
471,https://www.youtube.com/watch?v=gSxHBKqFFmk,gSxHBKqFFmk,Whoopi Goldberg,471,0.0
472,https://www.youtube.com/watch?v=XdGXx1W3A8E,XdGXx1W3A8E,Whoopi Goldberg,472,5.0
473,https://www.youtube.com/watch?v=MFdTRBdDXH8,MFdTRBdDXH8,Wil Myers,473,0.0
474,https://www.youtube.com/watch?v=vtshzfBi_0g,vtshzfBi_0g,Wil Myers,474,0.0
475,https://www.youtube.com/watch?v=dNqMXs9xjxA,dNqMXs9xjxA,Wil Myers,475,0.0
476,https://www.youtube.com/watch?v=dVh08_KzOiI,dVh08_KzOiI,Wil Myers,476,0.0
477,https://www.youtube.com/watch?v=f2_w74ypSQ0,f2_w74ypSQ0,Wil Myers,477,0.0
478,https://www.youtube.com/watch?v=3Vb7W2GI2Jc,3Vb7W2GI2Jc,Wil Myers,478,0.0
479,https://www.youtube.com/watch?v=uu2bpwP7Tl8,uu2bpwP7Tl8,Wil Myers,479,0.0
480,https://www.youtube.com/watch?v=VEz_42dBA5E,VEz_42dBA5E,Will Chase,480,0.0
481,https://www.youtube.com/watch?v=MJmHx20WNDI,MJmHx20WNDI,Will Chase,481,5.0
482,https://www.youtube.com/watch?v=HsDOCN2zsno,HsDOCN2zsno,Will Chase,482,4.0
483,https://www.youtube.com/watch?v=QtIhvnoC_S4,QtIhvnoC_S4,Will Graham,483,1.0
484,https://www.youtube.com/watch?v=yfCb-YS70J8,yfCb-YS70J8,Will Graham,484,0.0
485,https://www.youtube.com/watch?v=CiTAN3j4lDM,CiTAN3j4lDM,Will Graham,485,1.0
486,https://www.youtube.com/watch?v=e_mBsy4MJps,e_mBsy4MJps,Will Graham,486,0.0
487,https://www.youtube.com/watch?v=OwEDg4ZWVE8,OwEDg4ZWVE8,Will Graham,487,1.0
488,https://www.youtube.com/watch?v=7kCIEqE-jxE,7kCIEqE-jxE,Will Graham,488,0.0
489,https://www.youtube.com/watch?v=1i_Qj56TMfg,1i_Qj56TMfg,Will Graham,489,0.0
490,https://www.youtube.com/watch?v=IeMtbETSABw,IeMtbETSABw,Will Swenson,490,
491,https://www.youtube.com/watch?v=ogeDAKg2_mI,ogeDAKg2_mI,Will Swenson,491,9.0
492,https://www.youtube.com/watch?v=4xCuPZuYSRc,4xCuPZuYSRc,Will Tura,492,0.0
493,https://www.youtube.com/watch?v=WbrSLLv0AlA,WbrSLLv0AlA,Will Young,493,0.0
494,https://www.youtube.com/watch?v=y242XIPPykg,y242XIPPykg,Will i Am,494,0.0
495,https://www.youtube.com/watch?v=PWIkWiJPyIg,PWIkWiJPyIg,Willa Holland,495,
496,https://www.youtube.com/watch?v=L5wgAyUXa3w,L5wgAyUXa3w,Willa Holland,496,
497,https://www.youtube.com/watch?v=zGsoBK9CiGo,zGsoBK9CiGo,Willa Holland,497,0.0
498,https://www.youtube.com/watch?v=C5ZZbkjgg1I,C5ZZbkjgg1I,Willa Holland,498,0.0
499,https://www.youtube.com/watch?v=f6J5jBinguI,f6J5jBinguI,Willa Holland,499,0.0
500,https://www.youtube.com/watch?v=A4mjajo1pQQ,A4mjajo1pQQ,Willa Holland,500,
501,https://www.youtube.com/watch?v=V7QTmSCcL_Q,V7QTmSCcL_Q,Willemijn Verkaik,501,0.0
502,https://www.youtube.com/watch?v=eIaHuneraH8,eIaHuneraH8,Willemijn Verkaik,502,0.0
503,https://www.youtube.com/watch?v=_eHAiXKWCus,_eHAiXKWCus,Willemijn Verkaik,503,0.0
504,https://www.youtube.com/watch?v=8Durv_DJmxs,8Durv_DJmxs,William Buick,504,0.0
505,https://www.youtube.com/watch?v=43Jd35UzZtc,43Jd35UzZtc,William Porterfield,505,0.0
506,https://www.youtube.com/watch?v=v3NuK6rhX_4,v3NuK6rhX_4,William Scott,506,3.0
507,https://www.youtube.com/watch?v=3ArkoaZihXw,3ArkoaZihXw,William Scott,507,1.0
508,https://www.youtube.com/watch?v=OQr997CKHJs,OQr997CKHJs,William Scott,508,9.0
509,https://www.youtube.com/watch?v=jZFVMJagKF4,jZFVMJagKF4,William Scott,509,0.0
510,https://www.youtube.com/watch?v=jhZ_mGOqFLQ,jhZ_mGOqFLQ,William Scott,510,2.0
511,https://www.youtube.com/watch?v=SXFl5JTWuws,SXFl5JTWuws,William Scott,511,0.0
512,https://www.youtube.com/watch?v=9zZEZ82zxpg,9zZEZ82zxpg,Willy Caballero,512,0.0
513,https://www.youtube.com/watch?v=Eor97-MD6B8,Eor97-MD6B8,Wilma Elles,513,
514,https://www.youtube.com/watch?v=IgnHGEl9T8E,IgnHGEl9T8E,Wilson Ramos,514,0.0
515,https://www.youtube.com/watch?v=oMiwkYUaK7k,oMiwkYUaK7k,Wilson Ramos,515,0.0
516,https://www.youtube.com/watch?v=h5nM9XR-Um4,h5nM9XR-Um4,Wilson Ramos,516,0.0
517,https://www.youtube.com/watch?v=xXmOG9j5AC4,xXmOG9j5AC4,Wilson Ramos,517,0.0
518,https://www.youtube.com/watch?v=0NSZUQXGKxc,0NSZUQXGKxc,Wilson Ramos,518,1.0
519,https://www.youtube.com/watch?v=nsuPPO1P9Ag,nsuPPO1P9Ag,Wilson Ramos,519,
520,https://www.youtube.com/watch?v=Qe7gOelcHNI,Qe7gOelcHNI,Winfried Schäfer,520,0.0
521,https://www.youtube.com/watch?v=yogeX24a8bc,yogeX24a8bc,Wojciech Fibak,521,0.0
522,https://www.youtube.com/watch?v=ib0Jd5cg0ko,ib0Jd5cg0ko,Wojciech Szczęsny,522,0.0
523,https://www.youtube.com/watch?v=NqXhnWN8XL0,NqXhnWN8XL0,Wojciech Szczęsny,523,0.0
524,https://www.youtube.com/watch?v=xjsPNLLCxx0,xjsPNLLCxx0,Wojciech Szczęsny,524,0.0
525,https://www.youtube.com/watch?v=E2ZK0Yz7600,E2ZK0Yz7600,Wojciech Szczęsny,525,0.0
526,https://www.youtube.com/watch?v=Xn21TBnzIgA,Xn21TBnzIgA,Wojciech Szczęsny,526,0.0
527,https://www.youtube.com/watch?v=pxw8yiTv5sE,pxw8yiTv5sE,Wojciech Szczęsny,527,0.0
528,https://www.youtube.com/watch?v=t24ZNgtzy_M,t24ZNgtzy_M,Wojciech Szczęsny,528,0.0
529,https://www.youtube.com/watch?v=kA5N6KDq9Wc,kA5N6KDq9Wc,Wojciech Szczęsny,529,0.0
530,https://www.youtube.com/watch?v=3-uWVYnOdpQ,3-uWVYnOdpQ,Wole Soyinka,530,1.0
531,https://www.youtube.com/watch?v=24Y3GTmSEHM,24Y3GTmSEHM,Wolfgang Kubicki,531,5.0
532,https://www.youtube.com/watch?v=tubYaT2bGvM,tubYaT2bGvM,Wolfgang Puck,532,0.0
533,https://www.youtube.com/watch?v=P0mVW37PRJ8,P0mVW37PRJ8,Wolfgang Schäuble,533,0.0
534,https://www.youtube.com/watch?v=FBAI2pAlld8,FBAI2pAlld8,Wu Chun,534,0.0
535,https://www.youtube.com/watch?v=yM9O_5jPbAA,yM9O_5jPbAA,Wu Chun,535,0.0
536,https://www.youtube.com/watch?v=moPhspkBC4Y,moPhspkBC4Y,Xabi Alonso,536,8.0
537,https://www.youtube.com/watch?v=v8zzYEhpsXQ,v8zzYEhpsXQ,Xabi Alonso,537,0.0
538,https://www.youtube.com/watch?v=_4BpyuxJsDg,_4BpyuxJsDg,Xabi Alonso,538,10.0
539,https://www.youtube.com/watch?v=62KVSLj4AUM,62KVSLj4AUM,Xabi Alonso,539,0.0
540,https://www.youtube.com/watch?v=tR5sjXyUMnA,tR5sjXyUMnA,Xabi Alonso,540,0.0
541,https://www.youtube.com/watch?v=fE0IXabRwFs,fE0IXabRwFs,Xabi Alonso,541,0.0
542,https://www.youtube.com/watch?v=drP3-G4JBH8,drP3-G4JBH8,Xabi Alonso,542,0.0
543,https://www.youtube.com/watch?v=hpdwGv7IlEM,hpdwGv7IlEM,Xabi Alonso,543,2.0
544,https://www.youtube.com/watch?v=Z5jqbBhjeKo,Z5jqbBhjeKo,Xabi Alonso,544,0.0
545,https://www.youtube.com/watch?v=LR-z6km3J54,LR-z6km3J54,Xabi Alonso,545,0.0
546,https://www.youtube.com/watch?v=onXA7oQBLTc,onXA7oQBLTc,Xabi Alonso,546,2.0
547,https://www.youtube.com/watch?v=Fe75ja5RB74,Fe75ja5RB74,Xabi Alonso,547,0.0
548,https://www.youtube.com/watch?v=1Yf_Dieu2SE,1Yf_Dieu2SE,Xabi Alonso,548,0.0
549,https://www.youtube.com/watch?v=jFB0FqkSyUU,jFB0FqkSyUU,Xabi Alonso,549,0.0
550,https://www.youtube.com/watch?v=sk60Pccl1KQ,sk60Pccl1KQ,Xabi Alonso,550,9.0
551,https://www.youtube.com/watch?v=k0e_jIboIbw,k0e_jIboIbw,Xabi Alonso,551,0.0
552,https://www.youtube.com/watch?v=YdjXD30qWFY,YdjXD30qWFY,Xabi Alonso,552,0.0
553,https://www.youtube.com/watch?v=fYYsQKEw67o,fYYsQKEw67o,Xabi Alonso,553,0.0
554,https://www.youtube.com/watch?v=adyhGMpr_mM,adyhGMpr_mM,Xabi Alonso,554,1.0
555,https://www.youtube.com/watch?v=VRYeYlcbYjQ,VRYeYlcbYjQ,Xabi Alonso,555,1.0
556,https://www.youtube.com/watch?v=g3FSS5hC19w,g3FSS5hC19w,Xabi Alonso,556,2.0
557,https://www.youtube.com/watch?v=S__V8mniNUo,S__V8mniNUo,Xabi Alonso,557,0.0
558,https://www.youtube.com/watch?v=IynYiyimNcw,IynYiyimNcw,Xabi Alonso,558,0.0
559,https://www.youtube.com/watch?v=7ilxe6fynho,7ilxe6fynho,Xabi Alonso,559,0.0
560,https://www.youtube.com/watch?v=oBLzW4EESPs,oBLzW4EESPs,Xabi Alonso,560,1.0
561,https://www.youtube.com/watch?v=4-s7ILWviBo,4-s7ILWviBo,Xavi,561,0.0
562,https://www.youtube.com/watch?v=wfkjqLo7Y48,wfkjqLo7Y48,Xavi,562,0.0
563,https://www.youtube.com/watch?v=gKIaMMRWXOY,gKIaMMRWXOY,Xavi,563,0.0
564,https://www.youtube.com/watch?v=02rn6HmW4lE,02rn6HmW4lE,Xavi,564,1.0
565,https://www.youtube.com/watch?v=NFb9IMmm-SI,NFb9IMmm-SI,Xavi,565,0.0
566,https://www.youtube.com/watch?v=pALsi5ZOqKc,pALsi5ZOqKc,Xavi,566,0.0
567,https://www.youtube.com/watch?v=n-EgbSVkgpw,n-EgbSVkgpw,Xavi,567,0.0
568,https://www.youtube.com/watch?v=jAUddhFeN9U,jAUddhFeN9U,Xavi,568,0.0
569,https://www.youtube.com/watch?v=eg_VrHU24uo,eg_VrHU24uo,Xavi,569,1.0
570,https://www.youtube.com/watch?v=xlMud57Tg8M,xlMud57Tg8M,Xavi,570,0.0
571,https://www.youtube.com/watch?v=9WYblBprMPI,9WYblBprMPI,Xavier Bettel,571,1.0
572,https://www.youtube.com/watch?v=exKEwBPyDGc,exKEwBPyDGc,Xavier Bettel,572,0.0
573,https://www.youtube.com/watch?v=w5r-ngufmUA,w5r-ngufmUA,Xavier Niel,573,1.0
574,https://www.youtube.com/watch?v=tUutZo6u1bc,tUutZo6u1bc,Xavier Niel,574,13.0
575,https://www.youtube.com/watch?v=3Kdgn-WppL0,3Kdgn-WppL0,Xian Lim,575,
576,https://www.youtube.com/watch?v=cyvEQm-KUrQ,cyvEQm-KUrQ,Ximena Duque,576,0.0
577,https://www.youtube.com/watch?v=tewPeXr6T_0,tewPeXr6T_0,Ximena Duque,577,0.0
578,https://www.youtube.com/watch?v=GA57iB7GSM8,GA57iB7GSM8,Ximena Duque,578,2.0
579,https://www.youtube.com/watch?v=8kJWODMfK4A,8kJWODMfK4A,Ximena Duque,579,7.0
580,https://www.youtube.com/watch?v=NoUlAYfPS7o,NoUlAYfPS7o,Ximena Duque,580,0.0
581,https://www.youtube.com/watch?v=QfTlf1g7L0o,QfTlf1g7L0o,Ximena Duque,581,6.0
582,https://www.youtube.com/watch?v=VxY2TjnCQDc,VxY2TjnCQDc,Ximena Navarrete,582,
583,https://www.youtube.com/watch?v=9sCIDCd-X_w,9sCIDCd-X_w,Ximena Navarrete,583,
584,https://www.youtube.com/watch?v=-V0QrPrkC_8,-V0QrPrkC_8,Ximena Navarrete,584,
585,https://www.youtube.com/watch?v=3p7mYud9ha4,3p7mYud9ha4,Ximena Navarrete,585,0.0
586,https://www.youtube.com/watch?v=_JwWiMhYrBQ,_JwWiMhYrBQ,Y. S. Rajasekhara Reddy,586,6.0
587,https://www.youtube.com/watch?v=Y6cLRm-5GJo,Y6cLRm-5GJo,Yacine Brahimi,587,0.0
588,https://www.youtube.com/watch?v=8mhy2xO6DBM,8mhy2xO6DBM,Yacine Brahimi,588,1.0
589,https://www.youtube.com/watch?v=fT-dcHV9iac,fT-dcHV9iac,Yacine Brahimi,589,1.0
590,https://www.youtube.com/watch?v=KLR59rUqotg,KLR59rUqotg,Yair Lapid,590,11.0
591,https://www.youtube.com/watch?v=iPpmG7ZIrnc,iPpmG7ZIrnc,Yair Lapid,591,0.0
592,https://www.youtube.com/watch?v=cYAN9DlcM_8,cYAN9DlcM_8,Yana Gupta,592,
593,https://www.youtube.com/watch?v=NZJdA1p9TmU,NZJdA1p9TmU,Yana Gupta,593,0.0
594,https://www.youtube.com/watch?v=mUE0UuMoI1E,mUE0UuMoI1E,Yana Gupta,594,0.0
595,https://www.youtube.com/watch?v=MpoTZyNv2_c,MpoTZyNv2_c,Yana Gupta,595,0.0
596,https://www.youtube.com/watch?v=zOgh0OCjS2o,zOgh0OCjS2o,Yana Gupta,596,
597,https://www.youtube.com/watch?v=ZonnQZCqLfI,ZonnQZCqLfI,Yana Gupta,597,2.0
598,https://www.youtube.com/watch?v=c1Onet5Xt8o,c1Onet5Xt8o,Yani Tseng,598,0.0
599,https://www.youtube.com/watch?v=93wh_16-fjs,93wh_16-fjs,Yanina Wickmayer,599,1.0
600,https://www.youtube.com/watch?v=xQt6cwlNbP8,xQt6cwlNbP8,Yanina Wickmayer,600,0.0
601,https://www.youtube.com/watch?v=C6trwLLhVZE,C6trwLLhVZE,Yann Sommer,601,0.0
602,https://www.youtube.com/watch?v=1Ml8wH6GSCs,1Ml8wH6GSCs,Yann Sommer,602,0.0
603,https://www.youtube.com/watch?v=UuYNd_NU7H4,UuYNd_NU7H4,Yann Sommer,603,0.0
604,https://www.youtube.com/watch?v=8D5yV9RMdbw,8D5yV9RMdbw,Yann Sommer,604,0.0
605,https://www.youtube.com/watch?v=SMhpOHxXblE,SMhpOHxXblE,Yann Sommer,605,0.0
606,https://www.youtube.com/watch?v=qAqgi7mtAuA,qAqgi7mtAuA,Yann Sommer,606,0.0
607,https://www.youtube.com/watch?v=yXaa0WpHS78,yXaa0WpHS78,Yann Sommer,607,0.0
608,https://www.youtube.com/watch?v=veNoYcwSzd8,veNoYcwSzd8,Yann Sommer,608,0.0
609,https://www.youtube.com/watch?v=NucxMoWhUJI,NucxMoWhUJI,Yann Sommer,609,0.0
610,https://www.youtube.com/watch?v=WwJdLiSguZY,WwJdLiSguZY,Yann Sommer,610,0.0
611,https://www.youtube.com/watch?v=Xm0XCSTz1Ag,Xm0XCSTz1Ag,Yann Sommer,611,0.0
612,https://www.youtube.com/watch?v=Zvo3qO6o-xI,Zvo3qO6o-xI,Yann Sommer,612,0.0
613,https://www.youtube.com/watch?v=1Uq_qVORqs4,1Uq_qVORqs4,Yannick Agnel,613,5.0
614,https://www.youtube.com/watch?v=m5spLDqSafU,m5spLDqSafU,Yannick Noah,614,0.0
615,https://www.youtube.com/watch?v=gupVWlB1QHQ,gupVWlB1QHQ,Yasmin Brunet,615,0.0
616,https://www.youtube.com/watch?v=EYQdy49FljU,EYQdy49FljU,Yasmin Brunet,616,4.0
617,https://www.youtube.com/watch?v=_IZq0UW6pU4,_IZq0UW6pU4,Yasmin Brunet,617,0.0
618,https://www.youtube.com/watch?v=D5n-d1APDzQ,D5n-d1APDzQ,Yasmin Brunet,618,0.0
619,https://www.youtube.com/watch?v=dWoiXEUO8Do,dWoiXEUO8Do,Yasmin Brunet,619,4.0
620,https://www.youtube.com/watch?v=ueKCaUrNqTU,ueKCaUrNqTU,Yasmin Brunet,620,3.0
621,https://www.youtube.com/watch?v=14atsoWJerQ,14atsoWJerQ,Yasmin Brunet,621,0.0
622,https://www.youtube.com/watch?v=bwSqtLGIn5g,bwSqtLGIn5g,Yasmin Brunet,622,0.0
623,https://www.youtube.com/watch?v=8FI0vB19Tuw,8FI0vB19Tuw,Yasmin Brunet,623,0.0
624,https://www.youtube.com/watch?v=MHnNZJaSprc,MHnNZJaSprc,Yasmin Warsame,624,3.0
625,https://www.youtube.com/watch?v=35GWxwA5-c8,35GWxwA5-c8,Yasmin Warsame,625,0.0
626,https://www.youtube.com/watch?v=4r9nnnEMl-s,4r9nnnEMl-s,Yasmin Warsame,626,3.0
627,https://www.youtube.com/watch?v=m81rzBVBCSk,m81rzBVBCSk,Yasmin Warsame,627,5.0
628,https://www.youtube.com/watch?v=5LoSba5hU1Q,5LoSba5hU1Q,Yaya DaCosta,628,4.0
629,https://www.youtube.com/watch?v=kZKV1ZBDHSU,kZKV1ZBDHSU,Yaya DaCosta,629,4.0
630,https://www.youtube.com/watch?v=U6DGxrIAecQ,U6DGxrIAecQ,Yelawolf,630,11.0
631,https://www.youtube.com/watch?v=XCURMelsg7c,XCURMelsg7c,Yelawolf,631,1.0
632,https://www.youtube.com/watch?v=P8ecn3HCtvw,P8ecn3HCtvw,Yelena Isinbayeva,632,
633,https://www.youtube.com/watch?v=36vXZqYsPyo,36vXZqYsPyo,Yelena Isinbayeva,633,0.0
634,https://www.youtube.com/watch?v=zDSQDA13fEI,zDSQDA13fEI,Yelena Isinbayeva,634,0.0
635,https://www.youtube.com/watch?v=lOt_uPoDnDo,lOt_uPoDnDo,Yelena Isinbayeva,635,0.0
636,https://www.youtube.com/watch?v=73e24MPKp9M,73e24MPKp9M,Yelena Isinbayeva,636,0.0
637,https://www.youtube.com/watch?v=AgIBXkxNXeA,AgIBXkxNXeA,Yelena Isinbayeva,637,0.0
638,https://www.youtube.com/watch?v=NS-06b4fads,NS-06b4fads,Yelena Isinbayeva,638,
639,https://www.youtube.com/watch?v=kGsEt_EKI-Y,kGsEt_EKI-Y,Yendi Phillips,639,1.0
640,https://www.youtube.com/watch?v=L__EtfD0xfE,L__EtfD0xfE,Yendi Phillips,640,0.0
641,https://www.youtube.com/watch?v=4uzD9fhQmVg,4uzD9fhQmVg,Ylva Johansson,641,1.0
642,https://www.youtube.com/watch?v=Dxjqo2Ecahw,Dxjqo2Ecahw,Ylva Johansson,642,1.0
643,https://www.youtube.com/watch?v=l5E3cjN8zVk,l5E3cjN8zVk,Ylva Johansson,643,1.0
644,https://www.youtube.com/watch?v=bOKSZLROkNg,bOKSZLROkNg,Ylva Johansson,644,0.0
645,https://www.youtube.com/watch?v=NOFfnt0phv8,NOFfnt0phv8,Ylva Johansson,645,0.0
646,https://www.youtube.com/watch?v=YkSvT6wCBT8,YkSvT6wCBT8,Ylva Johansson,646,1.0
647,https://www.youtube.com/watch?v=7yZAY0hRCyw,7yZAY0hRCyw,Yngwie Malmsteen,647,2.0
648,https://www.youtube.com/watch?v=nubg3OfO28k,nubg3OfO28k,Yngwie Malmsteen,648,0.0
649,https://www.youtube.com/watch?v=SZawofYq_7I,SZawofYq_7I,Yngwie Malmsteen,649,1.0
650,https://www.youtube.com/watch?v=kQ_uBgATsPQ,kQ_uBgATsPQ,Yngwie Malmsteen,650,1.0
651,https://www.youtube.com/watch?v=io-MpXs3ULo,io-MpXs3ULo,Yngwie Malmsteen,651,1.0
652,https://www.youtube.com/watch?v=5ncVcVX9vgM,5ncVcVX9vgM,Yngwie Malmsteen,652,5.0
653,https://www.youtube.com/watch?v=yux1ieU1q0M,yux1ieU1q0M,Yngwie Malmsteen,653,0.0
654,https://www.youtube.com/watch?v=SadgtF-VqHY,SadgtF-VqHY,Yngwie Malmsteen,654,7.0
655,https://www.youtube.com/watch?v=EG093P-QHt0,EG093P-QHt0,Yngwie Malmsteen,655,0.0
656,https://www.youtube.com/watch?v=yScBIxlX8V4,yScBIxlX8V4,Yngwie Malmsteen,656,0.0
657,https://www.youtube.com/watch?v=4J5FKz7u1lc,4J5FKz7u1lc,Yngwie Malmsteen,657,0.0
658,https://www.youtube.com/watch?v=jI4n8VYmb5k,jI4n8VYmb5k,Yngwie Malmsteen,658,0.0
659,https://www.youtube.com/watch?v=oOt_OgJ6UIg,oOt_OgJ6UIg,Yngwie Malmsteen,659,1.0
660,https://www.youtube.com/watch?v=FOyeiILRHOY,FOyeiILRHOY,Yngwie Malmsteen,660,0.0
661,https://www.youtube.com/watch?v=Udkg0SV72C4,Udkg0SV72C4,Yngwie Malmsteen,661,0.0
662,https://www.youtube.com/watch?v=aVzhPAV6VT0,aVzhPAV6VT0,Yngwie Malmsteen,662,1.0
663,https://www.youtube.com/watch?v=hCoiRSBXkkQ,hCoiRSBXkkQ,Yngwie Malmsteen,663,4.0
664,https://www.youtube.com/watch?v=CA0htstPRr8,CA0htstPRr8,Yngwie Malmsteen,664,0.0
665,https://www.youtube.com/watch?v=IkWCRg2i6MM,IkWCRg2i6MM,Yngwie Malmsteen,665,0.0
666,https://www.youtube.com/watch?v=iP_5OK8ulUI,iP_5OK8ulUI,Yngwie Malmsteen,666,0.0
667,https://www.youtube.com/watch?v=Wo2tNosZ_Y8,Wo2tNosZ_Y8,Yngwie Malmsteen,667,1.0
668,https://www.youtube.com/watch?v=KZ4MDTrUEJ8,KZ4MDTrUEJ8,Yohan Blake,668,0.0
669,https://www.youtube.com/watch?v=w66PT4ZRSX0,w66PT4ZRSX0,Yohan Blake,669,0.0
670,https://www.youtube.com/watch?v=XIAr3C4JJNw,XIAr3C4JJNw,Yohan Blake,670,0.0
671,https://www.youtube.com/watch?v=JsL2brcgvNM,JsL2brcgvNM,Yohan Blake,671,0.0
672,https://www.youtube.com/watch?v=QiQ0pBftKCA,QiQ0pBftKCA,Yohan Blake,672,0.0
673,https://www.youtube.com/watch?v=AjGqsbuR7yg,AjGqsbuR7yg,Yohan Blake,673,0.0
674,https://www.youtube.com/watch?v=ZFkBrVYj6sg,ZFkBrVYj6sg,Yohan Blake,674,0.0
675,https://www.youtube.com/watch?v=-NVx0ArVJZg,-NVx0ArVJZg,Yohan Blake,675,0.0
676,https://www.youtube.com/watch?v=KBoBlJXR1RE,KBoBlJXR1RE,Yohan Blake,676,0.0
677,https://www.youtube.com/watch?v=77K9cBn9PWM,77K9cBn9PWM,Yohan Blake,677,0.0
678,https://www.youtube.com/watch?v=TweWriN4o-M,TweWriN4o-M,Yohan Blake,678,0.0
679,https://www.youtube.com/watch?v=MOc0TaSq7iw,MOc0TaSq7iw,Yohan Blake,679,0.0
680,https://www.youtube.com/watch?v=nliUpXw23yE,nliUpXw23yE,Yohan Blake,680,0.0
681,https://www.youtube.com/watch?v=XcGcu1hLS3A,XcGcu1hLS3A,Yohan Blake,681,0.0
682,https://www.youtube.com/watch?v=lpK6qbW0kpU,lpK6qbW0kpU,Yohan Blake,682,0.0
683,https://www.youtube.com/watch?v=DDzoVl9HW7w,DDzoVl9HW7w,Yohan Blake,683,0.0
684,https://www.youtube.com/watch?v=H8wNGMzMqik,H8wNGMzMqik,Yohan Blake,684,0.0
685,https://www.youtube.com/watch?v=5m8s5iKMIsk,5m8s5iKMIsk,Yohan Blake,685,0.0
686,https://www.youtube.com/watch?v=FvzjOmxWwxk,FvzjOmxWwxk,Yohan Blake,686,0.0
687,https://www.youtube.com/watch?v=_VBChY88N8g,_VBChY88N8g,Yohan Blake,687,0.0
688,https://www.youtube.com/watch?v=P_8XjKT7g80,P_8XjKT7g80,Yohan Blake,688,0.0
689,https://www.youtube.com/watch?v=inXXZZiX3PQ,inXXZZiX3PQ,Yohan Blake,689,0.0
690,https://www.youtube.com/watch?v=7ihw7mYLmCI,7ihw7mYLmCI,Yohan Blake,690,0.0
691,https://www.youtube.com/watch?v=jhtGSJLSZGQ,jhtGSJLSZGQ,Yohan Blake,691,0.0
692,https://www.youtube.com/watch?v=nR78h05DzJc,nR78h05DzJc,Yohan Blake,692,0.0
693,https://www.youtube.com/watch?v=Y18laeDOfv0,Y18laeDOfv0,Yohann Diniz,693,0.0
694,https://www.youtube.com/watch?v=1CrdzCpgCFk,1CrdzCpgCFk,Yohann Diniz,694,0.0
695,https://www.youtube.com/watch?v=qAztRSmaV3k,qAztRSmaV3k,Yolanthe Sneijder-Cabau,695,0.0
696,https://www.youtube.com/watch?v=GxU7sRidDxc,GxU7sRidDxc,Yolanthe Sneijder-Cabau,696,0.0
697,https://www.youtube.com/watch?v=T0j7LGfNOjo,T0j7LGfNOjo,Yolanthe Sneijder-Cabau,697,
698,https://www.youtube.com/watch?v=3IQTy05V0qM,3IQTy05V0qM,Yolanthe Sneijder-Cabau,698,0.0
699,https://www.youtube.com/watch?v=Lq31BNmkdsk,Lq31BNmkdsk,Yon González,699,
700,https://www.youtube.com/watch?v=lIIx0MkNV2g,lIIx0MkNV2g,Young Buck,700,4.0
701,https://www.youtube.com/watch?v=1VwD9uuf2wo,1VwD9uuf2wo,Young Buck,701,0.0
702,https://www.youtube.com/watch?v=uZpt1lQBpXc,uZpt1lQBpXc,Young Buck,702,2.0
703,https://www.youtube.com/watch?v=P34foHp2hgQ,P34foHp2hgQ,Younès Belhanda,703,7.0
704,https://www.youtube.com/watch?v=Y4vtDTLHoy8,Y4vtDTLHoy8,Youssef El-Arabi,704,0.0
705,https://www.youtube.com/watch?v=dtrGS4Oj_q4,dtrGS4Oj_q4,Youssef El-Arabi,705,0.0
706,https://www.youtube.com/watch?v=iX4D41ooWYc,iX4D41ooWYc,Youssef El-Arabi,706,0.0
707,https://www.youtube.com/watch?v=W36gbb8l2QE,W36gbb8l2QE,Youssef El-Arabi,707,0.0
708,https://www.youtube.com/watch?v=yilfkkWwdEI,yilfkkWwdEI,Youssef El-Arabi,708,0.0
709,https://www.youtube.com/watch?v=GShIeCllU00,GShIeCllU00,Youssouf Bakayoko,709,0.0
710,https://www.youtube.com/watch?v=SMhcOa1MZ3E,SMhcOa1MZ3E,Youssouf Bakayoko,710,
711,https://www.youtube.com/watch?v=IzTvRmANJ_0,IzTvRmANJ_0,Youssouf Mulumbu,711,
712,https://www.youtube.com/watch?v=IYxujBBDouQ,IYxujBBDouQ,Youssouf Mulumbu,712,0.0
713,https://www.youtube.com/watch?v=v8bqqL2dnr8,v8bqqL2dnr8,Youssouf Mulumbu,713,
714,https://www.youtube.com/watch?v=VFGTn0tuT3w,VFGTn0tuT3w,Youssouf Mulumbu,714,0.0
715,https://www.youtube.com/watch?v=iaFYYqS0Z38,iaFYYqS0Z38,Yuki Bhambri,715,0.0
716,https://www.youtube.com/watch?v=ydbye-YP7L8,ydbye-YP7L8,Yuki Bhambri,716,0.0
717,https://www.youtube.com/watch?v=Jd3xp_ukJdc,Jd3xp_ukJdc,Yuki Bhambri,717,2.0
718,https://www.youtube.com/watch?v=skVe3ovPdFs,skVe3ovPdFs,Yuki Bhambri,718,
719,https://www.youtube.com/watch?v=JPthZDUb1ZE,JPthZDUb1ZE,Yuki Bhambri,719,0.0
720,https://www.youtube.com/watch?v=bCDYybLRHEI,bCDYybLRHEI,Yulia Volkova,720,0.0
721,https://www.youtube.com/watch?v=VvTedKOfKGE,VvTedKOfKGE,Yulia Volkova,721,0.0
722,https://www.youtube.com/watch?v=nK6ZLrAb4uA,nK6ZLrAb4uA,Yunho,722,2.0
723,https://www.youtube.com/watch?v=xjhMmfR4xic,xjhMmfR4xic,Yunho,723,0.0
724,https://www.youtube.com/watch?v=93P24yg3hc0,93P24yg3hc0,Yuvan Shankar Raja,724,3.0
725,https://www.youtube.com/watch?v=ZqQvAllA104,ZqQvAllA104,Yuvan Shankar Raja,725,3.0
726,https://www.youtube.com/watch?v=oZVU71k6QMs,oZVU71k6QMs,Yuvraj Singh,726,
727,https://www.youtube.com/watch?v=7Dc5D5ZQKQo,7Dc5D5ZQKQo,Yuvraj Singh,727,
728,https://www.youtube.com/watch?v=hBFYErvMSP4,hBFYErvMSP4,Yuvraj Singh,728,1.0
729,https://www.youtube.com/watch?v=sop4JMxKAZ4,sop4JMxKAZ4,Yuvraj Singh,729,0.0
730,https://www.youtube.com/watch?v=d38S1oid9oI,d38S1oid9oI,Yuvraj Singh,730,2.0
731,https://www.youtube.com/watch?v=VCO7Cw_9BJY,VCO7Cw_9BJY,Yuvraj Singh,731,3.0
732,https://www.youtube.com/watch?v=79Tum8CKgdo,79Tum8CKgdo,Yuvraj Singh,732,
733,https://www.youtube.com/watch?v=ay9jDiTwUMI,ay9jDiTwUMI,Yuvraj Singh,733,0.0
734,https://www.youtube.com/watch?v=1IT3Nru_40M,1IT3Nru_40M,Yuvraj Singh,734,8.0
735,https://www.youtube.com/watch?v=ObZNndCthrM,ObZNndCthrM,Yuvraj Singh,735,4.0
736,https://www.youtube.com/watch?v=dEfjo_dNyro,dEfjo_dNyro,Yuvraj Singh,736,
737,https://www.youtube.com/watch?v=RwW3rDEcA8Y,RwW3rDEcA8Y,Yuvraj Singh,737,0.0
738,https://www.youtube.com/watch?v=pv1aBENb1kE,pv1aBENb1kE,Yuvraj Singh,738,
739,https://www.youtube.com/watch?v=9NAege8nInU,9NAege8nInU,Yuvraj Singh,739,0.0
740,https://www.youtube.com/watch?v=DWaET639UM4,DWaET639UM4,Yuvraj Singh,740,0.0
741,https://www.youtube.com/watch?v=BSSQT3CIX9A,BSSQT3CIX9A,Yuvraj Singh,741,1.0
742,https://www.youtube.com/watch?v=y2FUspZ5wRc,y2FUspZ5wRc,Yuvraj Singh,742,0.0
743,https://www.youtube.com/watch?v=QSU3_UT6cG0,QSU3_UT6cG0,Yuvraj Singh,743,5.0
744,https://www.youtube.com/watch?v=mX19MhQhWeE,mX19MhQhWeE,Yuvraj Singh,744,3.0
745,https://www.youtube.com/watch?v=iQ5XIb3X8Bo,iQ5XIb3X8Bo,Yuvraj Singh,745,
746,https://www.youtube.com/watch?v=zNcq5mtafZY,zNcq5mtafZY,Yuvraj Singh,746,3.0
747,https://www.youtube.com/watch?v=n6OzOoHiucY,n6OzOoHiucY,Yuvraj Singh,747,2.0
748,https://www.youtube.com/watch?v=thLkyCy4xLg,thLkyCy4xLg,Yuvraj Singh,748,9.0
749,https://www.youtube.com/watch?v=oGZo1O7ofLw,oGZo1O7ofLw,Yuvraj Singh,749,4.0
750,https://www.youtube.com/watch?v=xyikA1A07m8,xyikA1A07m8,Yuvraj Singh,750,
751,https://www.youtube.com/watch?v=QqSU1u05rTA,QqSU1u05rTA,Yuzuru Hanyu,751,
752,https://www.youtube.com/watch?v=Nm_op4PdkOc,Nm_op4PdkOc,Yuzuru Hanyu,752,9.0
753,https://www.youtube.com/watch?v=Ku3qXk3lL90,Ku3qXk3lL90,Yuzuru Hanyu,753,0.0
754,https://www.youtube.com/watch?v=fgzwK2g27AI,fgzwK2g27AI,Yuzuru Hanyu,754,0.0
755,https://www.youtube.com/watch?v=mBM5XTABnw4,mBM5XTABnw4,Yuzuru Hanyu,755,0.0
756,https://www.youtube.com/watch?v=p_2sFid1pCk,p_2sFid1pCk,Yuzuru Hanyu,756,
757,https://www.youtube.com/watch?v=M3DcytcJ-5Y,M3DcytcJ-5Y,Yuzuru Hanyu,757,0.0
758,https://www.youtube.com/watch?v=R4POmbi6llc,R4POmbi6llc,Yuzuru Hanyu,758,8.0
759,https://www.youtube.com/watch?v=VQsh-KEljRo,VQsh-KEljRo,Yuzuru Hanyu,759,
760,https://www.youtube.com/watch?v=dNPKOF-ERAs,dNPKOF-ERAs,Yuzuru Hanyu,760,0.0
761,https://www.youtube.com/watch?v=93YvTGh3_Wo,93YvTGh3_Wo,Yvonne Ransbach,761,0.0
762,https://www.youtube.com/watch?v=LdvigEjeX0U,LdvigEjeX0U,Yvonne Ransbach,762,3.0
763,https://www.youtube.com/watch?v=3bG2kDxc118,3bG2kDxc118,Yvonne Ransbach,763,
764,https://www.youtube.com/watch?v=MfwbfSb5I5I,MfwbfSb5I5I,Yvonne Ransbach,764,0.0
765,https://www.youtube.com/watch?v=tsGU9nWCAnE,tsGU9nWCAnE,Yvonne Zima,765,
766,https://www.youtube.com/watch?v=KAOTHsRYVSc,KAOTHsRYVSc,Zab Judah,766,6.0
767,https://www.youtube.com/watch?v=7S3rL-aqhOc,7S3rL-aqhOc,Zabit Samedov,767,2.0
768,https://www.youtube.com/watch?v=WB9hY4tmV3w,WB9hY4tmV3w,Zach Galligan,768,0.0
769,https://www.youtube.com/watch?v=D88UQkPwndI,D88UQkPwndI,Zach Galligan,769,0.0
770,https://www.youtube.com/watch?v=VNNU4RH_5Gs,VNNU4RH_5Gs,Zach Gilford,770,2.0
771,https://www.youtube.com/watch?v=vGOtvbah12g,vGOtvbah12g,Zach Gilford,771,2.0
772,https://www.youtube.com/watch?v=omK19eLtzSY,omK19eLtzSY,Zach Gilford,772,
773,https://www.youtube.com/watch?v=K_Ioey1hLFo,K_Ioey1hLFo,Zach Gilford,773,10.0
774,https://www.youtube.com/watch?v=sau-Odn5e58,sau-Odn5e58,Zach Gilford,774,2.0
775,https://www.youtube.com/watch?v=S1eVkuXHJ_8,S1eVkuXHJ_8,Zara Phillips,775,0.0
776,https://www.youtube.com/watch?v=X0pZBOaRwxk,X0pZBOaRwxk,Zara Phillips,776,0.0
777,https://www.youtube.com/watch?v=-9TTgDtfeng,-9TTgDtfeng,Zara Phillips,777,
778,https://www.youtube.com/watch?v=2mzrEeMeg4E,2mzrEeMeg4E,Zara Phillips,778,0.0
779,https://www.youtube.com/watch?v=duC45Ex6wws,duC45Ex6wws,Zara Phillips,779,
780,https://www.youtube.com/watch?v=qCb1kptJnRI,qCb1kptJnRI,Zara Phillips,780,1.0
781,https://www.youtube.com/watch?v=oYOlpRBX_NY,oYOlpRBX_NY,Zara Phillips,781,0.0
782,https://www.youtube.com/watch?v=_zYSa9PPZoA,_zYSa9PPZoA,Zara Phillips,782,0.0
783,https://www.youtube.com/watch?v=aIgb9cCn2C4,aIgb9cCn2C4,Zara Phillips,783,6.0
784,https://www.youtube.com/watch?v=QC0rKqCRRpc,QC0rKqCRRpc,Zarina Wahab,784,
785,https://www.youtube.com/watch?v=f_CQnmHdpMk,f_CQnmHdpMk,Zarina Wahab,785,4.0
786,https://www.youtube.com/watch?v=6S8YRVQhzpo,6S8YRVQhzpo,Zarina Wahab,786,0.0
787,https://www.youtube.com/watch?v=lSJpZXnvtks,lSJpZXnvtks,Zarina Wahab,787,0.0
788,https://www.youtube.com/watch?v=U3F-tQyLVpo,U3F-tQyLVpo,Zarina Wahab,788,1.0
789,https://www.youtube.com/watch?v=rqF133Zvo8U,rqF133Zvo8U,Zarina Wahab,789,
790,https://www.youtube.com/watch?v=UqOCqeVsb0A,UqOCqeVsb0A,Zarina Wahab,790,0.0
791,https://www.youtube.com/watch?v=ycH0rOHo9Mw,ycH0rOHo9Mw,Zarina Wahab,791,1.0
792,https://www.youtube.com/watch?v=2w0romQAJSM,2w0romQAJSM,Zarina Wahab,792,4.0
793,https://www.youtube.com/watch?v=-0xj4VsejpM,-0xj4VsejpM,Zarina Wahab,793,0.0
794,https://www.youtube.com/watch?v=IBkQD5ljU4I,IBkQD5ljU4I,Zarina Wahab,794,
795,https://www.youtube.com/watch?v=RboBzbv8zE0,RboBzbv8zE0,Zarina Wahab,795,0.0
796,https://www.youtube.com/watch?v=am_4Dv7JfHE,am_4Dv7JfHE,Zarina Wahab,796,0.0
797,https://www.youtube.com/watch?v=hFYCn4WGJMs,hFYCn4WGJMs,Zarina Wahab,797,2.0
798,https://www.youtube.com/watch?v=kg5_Hn5d-T0,kg5_Hn5d-T0,Zarina Wahab,798,
799,https://www.youtube.com/watch?v=n3JSoTsLMAA,n3JSoTsLMAA,Zarina Wahab,799,
800,https://www.youtube.com/watch?v=reVVg4BCh6c,reVVg4BCh6c,Zarina Wahab,800,0.0
801,https://www.youtube.com/watch?v=hP3TaG10bTA,hP3TaG10bTA,Zarina Wahab,801,1.0
802,https://www.youtube.com/watch?v=KF_I6zskUrA,KF_I6zskUrA,Zarina Wahab,802,0.0
803,https://www.youtube.com/watch?v=AKJ_gG24yjg,AKJ_gG24yjg,Zarina Wahab,803,0.0
804,https://www.youtube.com/watch?v=MoBkuDGeiLs,MoBkuDGeiLs,Zarina Wahab,804,0.0
805,https://www.youtube.com/watch?v=z1GNGa071h8,z1GNGa071h8,Zarina Wahab,805,0.0
806,https://www.youtube.com/watch?v=CXvdwDglu2I,CXvdwDglu2I,Zawe Ashton,806,0.0
807,https://www.youtube.com/watch?v=nqCL0DMkYJI,nqCL0DMkYJI,Zawe Ashton,807,0.0
808,https://www.youtube.com/watch?v=HmUSKwa68pA,HmUSKwa68pA,Zawe Ashton,808,0.0
809,https://www.youtube.com/watch?v=PYSQVOeSaDQ,PYSQVOeSaDQ,Zawe Ashton,809,
810,https://www.youtube.com/watch?v=L0cEtNIJ8ig,L0cEtNIJ8ig,Zawe Ashton,810,
811,https://www.youtube.com/watch?v=V60Zy0J390U,V60Zy0J390U,Zawe Ashton,811,3.0
812,https://www.youtube.com/watch?v=c5bZO7fdfWQ,c5bZO7fdfWQ,Zawe Ashton,812,0.0
813,https://www.youtube.com/watch?v=YGhEwT49Uck,YGhEwT49Uck,Zawe Ashton,813,0.0
814,https://www.youtube.com/watch?v=JMkgV6prqH4,JMkgV6prqH4,Zawe Ashton,814,1.0
815,https://www.youtube.com/watch?v=13H_2ygXYQ0,13H_2ygXYQ0,Zawe Ashton,815,0.0
816,https://www.youtube.com/watch?v=tDkibd1czQo,tDkibd1czQo,Zawe Ashton,816,
817,https://www.youtube.com/watch?v=GGzAviqppBY,GGzAviqppBY,Zawe Ashton,817,0.0
818,https://www.youtube.com/watch?v=5c4-KL9qUmQ,5c4-KL9qUmQ,Zawe Ashton,818,0.0
819,https://www.youtube.com/watch?v=_6Xa01DvGE0,_6Xa01DvGE0,Zawe Ashton,819,0.0
820,https://www.youtube.com/watch?v=lU-hZB3Hs3k,lU-hZB3Hs3k,Zawe Ashton,820,0.0
821,https://www.youtube.com/watch?v=Xo4MItq2PxY,Xo4MItq2PxY,Zawe Ashton,821,0.0
822,https://www.youtube.com/watch?v=NbIUPrMJTco,NbIUPrMJTco,Zawe Ashton,822,0.0
823,https://www.youtube.com/watch?v=vX6W7L-2o3o,vX6W7L-2o3o,Zawe Ashton,823,0.0
824,https://www.youtube.com/watch?v=TpjFtU5jHWA,TpjFtU5jHWA,Zawe Ashton,824,0.0
825,https://www.youtube.com/watch?v=Mp4UYrB06Cg,Mp4UYrB06Cg,Zawe Ashton,825,1.0
826,https://www.youtube.com/watch?v=TiZAVw8snq0,TiZAVw8snq0,Zaza Pachulia,826,
827,https://www.youtube.com/watch?v=3zRRI0fnSxk,3zRRI0fnSxk,Zbigniew Boniek,827,1.0
828,https://www.youtube.com/watch?v=5M4Fzi3twZU,5M4Fzi3twZU,Zendaya,828,
829,https://www.youtube.com/watch?v=TlKeYV3PiIk,TlKeYV3PiIk,Zendaya,829,2.0
830,https://www.youtube.com/watch?v=-U6ITofK5Zg,-U6ITofK5Zg,Zendaya,830,
831,https://www.youtube.com/watch?v=UsUSat0i0as,UsUSat0i0as,Zendaya,831,0.0
832,https://www.youtube.com/watch?v=lO4x6do26U0,lO4x6do26U0,Zendaya,832,2.0
833,https://www.youtube.com/watch?v=bMibNCFsq2I,bMibNCFsq2I,Zendaya,833,0.0
834,https://www.youtube.com/watch?v=1M7OA8AONL8,1M7OA8AONL8,Zendaya,834,
835,https://www.youtube.com/watch?v=Wxa3Zqcztj8,Wxa3Zqcztj8,Zendaya,835,1.0
836,https://www.youtube.com/watch?v=xgk3KlmN65Y,xgk3KlmN65Y,Zendaya,836,1.0
837,https://www.youtube.com/watch?v=UC3ASxBPprQ,UC3ASxBPprQ,Zendaya,837,0.0
838,https://www.youtube.com/watch?v=-oTgwyFp8RQ,-oTgwyFp8RQ,Zendaya,838,
839,https://www.youtube.com/watch?v=s3YnP5tLm6k,s3YnP5tLm6k,Zendaya,839,0.0
840,https://www.youtube.com/watch?v=3A-dGYQNjTA,3A-dGYQNjTA,Zendaya,840,0.0
841,https://www.youtube.com/watch?v=TmTz8rYCGhY,TmTz8rYCGhY,Zendaya,841,
842,https://www.youtube.com/watch?v=B1izoCVg-N4,B1izoCVg-N4,Zendaya,842,
843,https://www.youtube.com/watch?v=keHUFMqC2EU,keHUFMqC2EU,Zendaya,843,0.0
844,https://www.youtube.com/watch?v=Zv8iwUdvigc,Zv8iwUdvigc,Zendaya,844,2.0
845,https://www.youtube.com/watch?v=Y4lYwJzkSz0,Y4lYwJzkSz0,Zendaya,845,0.0
846,https://www.youtube.com/watch?v=zMXe6pHTT9o,zMXe6pHTT9o,Zendaya,846,0.0
847,https://www.youtube.com/watch?v=H1WbSC0R90M,H1WbSC0R90M,Zendaya,847,0.0
848,https://www.youtube.com/watch?v=UPLvPZ8jJ30,UPLvPZ8jJ30,Zendaya,848,0.0
849,https://www.youtube.com/watch?v=RiVm8EGEGhw,RiVm8EGEGhw,Zendaya,849,0.0
850,https://www.youtube.com/watch?v=5x3Jm5BF8So,5x3Jm5BF8So,Zendaya,850,0.0
851,https://www.youtube.com/watch?v=Y-zx1fBOVGk,Y-zx1fBOVGk,Zendaya,851,0.0
852,https://www.youtube.com/watch?v=wuaB15UatMo,wuaB15UatMo,Zendaya,852,3.0
853,https://www.youtube.com/watch?v=WOwAyOVxDmA,WOwAyOVxDmA,Zendaya,853,0.0
854,https://www.youtube.com/watch?v=MBqfUrZ6jO8,MBqfUrZ6jO8,Zendaya,854,0.0
855,https://www.youtube.com/watch?v=SrRfdgdG6Ek,SrRfdgdG6Ek,Zhang Jingchu,855,0.0
856,https://www.youtube.com/watch?v=nSdTlAo9EYs,nSdTlAo9EYs,Zhang Xin,856,0.0
857,https://www.youtube.com/watch?v=Cy-muVZe8bc,Cy-muVZe8bc,Zinedine Zidane,857,1.0
858,https://www.youtube.com/watch?v=OuNH_UjvTAY,OuNH_UjvTAY,Zinedine Zidane,858,0.0
859,https://www.youtube.com/watch?v=73dJwhOvHVM,73dJwhOvHVM,Zinedine Zidane,859,0.0
860,https://www.youtube.com/watch?v=N68pQrRx6GY,N68pQrRx6GY,Zinedine Zidane,860,0.0
861,https://www.youtube.com/watch?v=QsaOeXNgWis,QsaOeXNgWis,Zinedine Zidane,861,3.0
862,https://www.youtube.com/watch?v=jhwhB4jqCbU,jhwhB4jqCbU,Zinedine Zidane,862,0.0
863,https://www.youtube.com/watch?v=p7QpMhAWKCc,p7QpMhAWKCc,Zinedine Zidane,863,0.0
864,https://www.youtube.com/watch?v=sXLRHuH9lgA,sXLRHuH9lgA,Zinedine Zidane,864,
865,https://www.youtube.com/watch?v=9dpUVPzHKg8,9dpUVPzHKg8,Zinedine Zidane,865,0.0
866,https://www.youtube.com/watch?v=T6qgGdHA0-g,T6qgGdHA0-g,Zinedine Zidane,866,0.0
867,https://www.youtube.com/watch?v=SIpuz-qbG_A,SIpuz-qbG_A,Zinedine Zidane,867,
868,https://www.youtube.com/watch?v=BXysHS8DEbI,BXysHS8DEbI,Zivanna Letisha Siregar,868,
869,https://www.youtube.com/watch?v=hLCqSoSfQD4,hLCqSoSfQD4,Zlatan Ibrahimović,869,0.0
870,https://www.youtube.com/watch?v=i6U4NWv8g2U,i6U4NWv8g2U,Zlatan Ibrahimović,870,1.0
871,https://www.youtube.com/watch?v=xSiS6oov0qs,xSiS6oov0qs,Zlatan Ibrahimović,871,
872,https://www.youtube.com/watch?v=Dx_M90G5sWA,Dx_M90G5sWA,Zlatan Ibrahimović,872,0.0
873,https://www.youtube.com/watch?v=FmtYLgbb0Zk,FmtYLgbb0Zk,Zlatan Ibrahimović,873,1.0
874,https://www.youtube.com/watch?v=uCZIkJGSMWQ,uCZIkJGSMWQ,Zlatan Ibrahimović,874,0.0
875,https://www.youtube.com/watch?v=bjRZ2o_2aUk,bjRZ2o_2aUk,Zlatan Ibrahimović,875,0.0
876,https://www.youtube.com/watch?v=W8bIXmZMiKs,W8bIXmZMiKs,Zlatan Ibrahimović,876,0.0
877,https://www.youtube.com/watch?v=MB3FTMtDNoo,MB3FTMtDNoo,Zlatan Ibrahimović,877,0.0
878,https://www.youtube.com/watch?v=FvDWWOP5M0k,FvDWWOP5M0k,Zlatan Ibrahimović,878,0.0
879,https://www.youtube.com/watch?v=5HlhRwbwmHs,5HlhRwbwmHs,Zlatan Ibrahimović,879,0.0
880,https://www.youtube.com/watch?v=uxO-gEGahUs,uxO-gEGahUs,Zlatan Ibrahimović,880,0.0
881,https://www.youtube.com/watch?v=xMTSNwQwORA,xMTSNwQwORA,Zlatan Ibrahimović,881,0.0
882,https://www.youtube.com/watch?v=8nTUery4ACk,8nTUery4ACk,Zlatan Ibrahimović,882,0.0
883,https://www.youtube.com/watch?v=TRb8dhG9dIg,TRb8dhG9dIg,Zlatan Ibrahimović,883,0.0
884,https://www.youtube.com/watch?v=zLyrkpUtNfY,zLyrkpUtNfY,Zlatan Ibrahimović,884,0.0
885,https://www.youtube.com/watch?v=BS-YDBz8AzU,BS-YDBz8AzU,Zlatan Ibrahimović,885,0.0
886,https://www.youtube.com/watch?v=ZnqbjF7Y1es,ZnqbjF7Y1es,Zlatan Ibrahimović,886,5.0
887,https://www.youtube.com/watch?v=m1mTbIYtIXA,m1mTbIYtIXA,Zlatan Ibrahimović,887,0.0
888,https://www.youtube.com/watch?v=LHHZLt3WrOY,LHHZLt3WrOY,Zlatan Ibrahimović,888,0.0
889,https://www.youtube.com/watch?v=PCmJfVrn8II,PCmJfVrn8II,Zlatan Ibrahimović,889,1.0
890,https://www.youtube.com/watch?v=hVYeBuCuQV0,hVYeBuCuQV0,Zlatko Zahovič,890,0.0
891,https://www.youtube.com/watch?v=RvfqaKUlrXY,RvfqaKUlrXY,Zoe Hardman,891,0.0
892,https://www.youtube.com/watch?v=2uHUg90h8_0,2uHUg90h8_0,Zoe Hardman,892,0.0
893,https://www.youtube.com/watch?v=Q2lmsiEv1Ok,Q2lmsiEv1Ok,Zoe Hardman,893,1.0
894,https://www.youtube.com/watch?v=gpjLFGx-wdA,gpjLFGx-wdA,Zoe Hardman,894,0.0
895,https://www.youtube.com/watch?v=QuKOyvgNreY,QuKOyvgNreY,Zoe Hardman,895,1.0
896,https://www.youtube.com/watch?v=tAMveaWERQQ,tAMveaWERQQ,Zoe Hardman,896,0.0
897,https://www.youtube.com/watch?v=Xhn6TPe2wao,Xhn6TPe2wao,Zoran Kesić,897,
898,https://www.youtube.com/watch?v=YaaFVFha6Ew,YaaFVFha6Ew,Zoran Kesić,898,0.0
899,https://www.youtube.com/watch?v=D5S457AQDHE,D5S457AQDHE,Zoran Mamić,899,0.0
900,https://www.youtube.com/watch?v=c4BzIMt2QCA,c4BzIMt2QCA,Zoé Félix,900,8.0
901,https://www.youtube.com/watch?v=EP40E1AoWaU,EP40E1AoWaU,Zoé Félix,901,3.0
902,https://www.youtube.com/watch?v=yhxi9vaxT1A,yhxi9vaxT1A,Zoë Ball,902,0.0
903,https://www.youtube.com/watch?v=F2PyiZnJBNo,F2PyiZnJBNo,Zoë Ball,903,0.0
904,https://www.youtube.com/watch?v=CltG7jK5pBU,CltG7jK5pBU,Zoë Ball,904,0.0
905,https://www.youtube.com/watch?v=xG0E9g7H4YM,xG0E9g7H4YM,Zoë Ball,905,0.0
906,https://www.youtube.com/watch?v=6MmX5Od7X40,6MmX5Od7X40,Zoë Ball,906,1.0
907,https://www.youtube.com/watch?v=mG_wQPkVEOw,mG_wQPkVEOw,Zoë Wanamaker,907,0.0
908,https://www.youtube.com/watch?v=TAj0Qjds5bI,TAj0Qjds5bI,Zrinka Cvitešić,908,0.0
909,https://www.youtube.com/watch?v=UNNCu-xxROY,UNNCu-xxROY,Zrinka Cvitešić,909,0.0
910,https://www.youtube.com/watch?v=9nR-MEnbl5k,9nR-MEnbl5k,Zrinka Cvitešić,910,12.0
911,https://www.youtube.com/watch?v=OXkOrUA3yyI,OXkOrUA3yyI,Zrinka Cvitešić,911,0.0
912,https://www.youtube.com/watch?v=qJr8s2h-f7o,qJr8s2h-f7o,Zuleikha Robinson,912,
913,https://www.youtube.com/watch?v=S5rPB8GPJBI,S5rPB8GPJBI,Zuria Vega,913,0.0
914,https://www.youtube.com/watch?v=tOwmMNOF_k4,tOwmMNOF_k4,Zuria Vega,914,2.0
915,https://www.youtube.com/watch?v=-0YThbcn80Q,-0YThbcn80Q,Zuria Vega,915,
916,https://www.youtube.com/watch?v=G4GoMJAZvbs,G4GoMJAZvbs,Zuria Vega,916,0.0
917,https://www.youtube.com/watch?v=O2ar6j-HiyY,O2ar6j-HiyY,Zuria Vega,917,0.0
918,https://www.youtube.com/watch?v=6gIwLQ1ehmY,6gIwLQ1ehmY,Zvezdan Terzić,918,0.0
919,https://www.youtube.com/watch?v=EmfPxEFPfLo,EmfPxEFPfLo,Zvezdan Terzić,919,0.0
920,https://www.youtube.com/watch?v=6vEWimo7MGY,6vEWimo7MGY,Zvezdan Terzić,920,0.0
921,https://www.youtube.com/watch?v=PUbGx6JDy8Q,PUbGx6JDy8Q,Zvezdan Terzić,921,0.0
922,https://www.youtube.com/watch?v=o_HbHIKzXY0,o_HbHIKzXY0,Zélia Duncan,922,5.0
923,https://www.youtube.com/watch?v=6H_C-FO1Nl8,6H_C-FO1Nl8,Àlex Corretja,923,3.0
924,https://www.youtube.com/watch?v=TWJIJmZEMXc,TWJIJmZEMXc,Àstrid Bergès-Frisbey,924,3.0
925,https://www.youtube.com/watch?v=RmOl-1NPPok,RmOl-1NPPok,Álex Lora,925,
926,https://www.youtube.com/watch?v=Fk2nec3p6Ro,Fk2nec3p6Ro,Álex Rodríguez,926,0.0
927,https://www.youtube.com/watch?v=j3l2Vgvq2wU,j3l2Vgvq2wU,Álex Rodríguez,927,0.0
928,https://www.youtube.com/watch?v=UBN5MxXIeRw,UBN5MxXIeRw,Álex Rodríguez,928,
929,https://www.youtube.com/watch?v=xRKzA7186_c,xRKzA7186_c,Álex Rodríguez,929,0.0
930,https://www.youtube.com/watch?v=IXEHB9kBGd4,IXEHB9kBGd4,Álex Rodríguez,930,1.0
931,https://www.youtube.com/watch?v=2AFvQj1mEFM,2AFvQj1mEFM,Álex Rodríguez,931,
932,https://www.youtube.com/watch?v=TJWUxQ1bM3s,TJWUxQ1bM3s,Álvaro García Linera,932,
933,https://www.youtube.com/watch?v=iztmKp0BUKQ,iztmKp0BUKQ,Álvaro Quirós,933,
934,https://www.youtube.com/watch?v=OBXaO5t8jVY,OBXaO5t8jVY,Álvaro Quirós,934,2.0
935,https://www.youtube.com/watch?v=TNcvmsadWCI,TNcvmsadWCI,Álvaro Quirós,935,0.0
936,https://www.youtube.com/watch?v=ivADTgfRYU8,ivADTgfRYU8,Ángel Acebes,936,0.0
937,https://www.youtube.com/watch?v=iZPV3-_xiso,iZPV3-_xiso,Ángel Acebes,937,
938,https://www.youtube.com/watch?v=gbks6SnRf3E,gbks6SnRf3E,Ángel Acebes,938,19.0
939,https://www.youtube.com/watch?v=ql8dS0UPTOo,ql8dS0UPTOo,Ángel Acebes,939,0.0
940,https://www.youtube.com/watch?v=0NBt4PDDEiU,0NBt4PDDEiU,Ángel Di María,940,6.0
941,https://www.youtube.com/watch?v=Yp2Jan1PMzw,Yp2Jan1PMzw,Ángel Di María,941,1.0
942,https://www.youtube.com/watch?v=f0YfrFaxoSQ,f0YfrFaxoSQ,Ángel Di María,942,0.0
943,https://www.youtube.com/watch?v=mD-yTMqp_PY,mD-yTMqp_PY,Ángel Di María,943,0.0
944,https://www.youtube.com/watch?v=zLk-j-NmFQE,zLk-j-NmFQE,Ángel Di María,944,0.0
945,https://www.youtube.com/watch?v=HFWSJi1TGSo,HFWSJi1TGSo,Ángel Di María,945,
946,https://www.youtube.com/watch?v=h63bGlW59j8,h63bGlW59j8,Ángel Di María,946,0.0
947,https://www.youtube.com/watch?v=BsBMth-CVfw,BsBMth-CVfw,Ángel Di María,947,0.0
948,https://www.youtube.com/watch?v=8UJu9wlMbY8,8UJu9wlMbY8,Ángel Di María,948,0.0
949,https://www.youtube.com/watch?v=uEdsszu_b3k,uEdsszu_b3k,Ángel Di María,949,0.0
950,https://www.youtube.com/watch?v=EKAbGzvA_jg,EKAbGzvA_jg,Ángel Di María,950,0.0
951,https://www.youtube.com/watch?v=KdFWJ_CuM4Y,KdFWJ_CuM4Y,Ángel Di María,951,0.0
952,https://www.youtube.com/watch?v=eZ5UT4xgCaE,eZ5UT4xgCaE,Ángel Di María,952,0.0
953,https://www.youtube.com/watch?v=yo4WdlM_nMA,yo4WdlM_nMA,Ángel Di María,953,0.0
954,https://www.youtube.com/watch?v=h03Cg0rEmZc,h03Cg0rEmZc,Ángel Di María,954,0.0
955,https://www.youtube.com/watch?v=rrSkd8ROFrA,rrSkd8ROFrA,Ángel Di María,955,0.0
956,https://www.youtube.com/watch?v=cYEwXlXtW9w,cYEwXlXtW9w,Ángel Di María,956,0.0
957,https://www.youtube.com/watch?v=xUAq325sXm4,xUAq325sXm4,Ángel Di María,957,0.0
958,https://www.youtube.com/watch?v=N7CsPJtTbMo,N7CsPJtTbMo,Ángel Di María,958,0.0
959,https://www.youtube.com/watch?v=ZUeF0YMwmJQ,ZUeF0YMwmJQ,Ángel Di María,959,0.0
960,https://www.youtube.com/watch?v=2DqNKel9qKI,2DqNKel9qKI,Ángel Di María,960,0.0
961,https://www.youtube.com/watch?v=uej2oP3MArM,uej2oP3MArM,Ángel Di María,961,0.0
962,https://www.youtube.com/watch?v=-HKZIvLSCvk,-HKZIvLSCvk,Ángel Di María,962,
963,https://www.youtube.com/watch?v=N4sfRaIS400,N4sfRaIS400,Ángel Di María,963,0.0
964,https://www.youtube.com/watch?v=EOeflcUfVYE,EOeflcUfVYE,Ángel Di María,964,0.0
965,https://www.youtube.com/watch?v=aJw3DVAhDvI,aJw3DVAhDvI,Ángel Di María,965,1.0
966,https://www.youtube.com/watch?v=iPrjE3cEGYg,iPrjE3cEGYg,Ángel Di María,966,0.0
967,https://www.youtube.com/watch?v=rxkPBlvNuK8,rxkPBlvNuK8,Éric Boullier,967,2.0
968,https://www.youtube.com/watch?v=vnT1XG0TjHY,vnT1XG0TjHY,Éric Boullier,968,14.0
969,https://www.youtube.com/watch?v=eh2yWEDA-lc,eh2yWEDA-lc,Éric Boullier,969,12.0
970,https://www.youtube.com/watch?v=cHe6txYBjIE,cHe6txYBjIE,Éric Elmosnino,970,
971,https://www.youtube.com/watch?v=cjJp1r76mcs,cjJp1r76mcs,Éric Elmosnino,971,0.0
972,https://www.youtube.com/watch?v=v_ySlmleRI0,v_ySlmleRI0,Éric Zemmour,972,8.0
973,https://www.youtube.com/watch?v=jUB9P6re-F8,jUB9P6re-F8,Éric Zemmour,973,0.0
974,https://www.youtube.com/watch?v=OZusicA5D3o,OZusicA5D3o,Íñigo Méndez de Vigo,974,7.0
975,https://www.youtube.com/watch?v=LHcSGR4Trys,LHcSGR4Trys,Íñigo Méndez de Vigo,975,
976,https://www.youtube.com/watch?v=6ebLjYTQoR4,6ebLjYTQoR4,Íñigo Méndez de Vigo,976,0.0
977,https://www.youtube.com/watch?v=LWfp3GBYe0g,LWfp3GBYe0g,Íñigo Méndez de Vigo,977,
978,https://www.youtube.com/watch?v=L_KVHcHVgz4,L_KVHcHVgz4,Íñigo Méndez de Vigo,978,
979,https://www.youtube.com/watch?v=6VyLTFSkVdY,6VyLTFSkVdY,Íñigo Méndez de Vigo,979,0.0
980,https://www.youtube.com/watch?v=NB2kWF7mSwU,NB2kWF7mSwU,Óscar Tabárez,980,2.0
981,https://www.youtube.com/watch?v=mt4dWYVdXC0,mt4dWYVdXC0,Óscar Tabárez,981,7.0
982,https://www.youtube.com/watch?v=0CVXOmIIdRA,0CVXOmIIdRA,Óscar Tabárez,982,4.0
983,https://www.youtube.com/watch?v=6DzLdqnAJdg,6DzLdqnAJdg,Óscar Tabárez,983,13.0
984,https://www.youtube.com/watch?v=Is5qgv4wUdE,Is5qgv4wUdE,Čedomir Jovanović,984,
985,https://www.youtube.com/watch?v=UtFkHH23XkQ,UtFkHH23XkQ,İlber Ortaylı,985,6.0
986,https://www.youtube.com/watch?v=fL1ZTX-iZtA,fL1ZTX-iZtA,İlber Ortaylı,986,6.0
987,https://www.youtube.com/watch?v=lbpv27C7YNs,lbpv27C7YNs,İlber Ortaylı,987,0.0
988,https://www.youtube.com/watch?v=h7NYEuvh_pc,h7NYEuvh_pc,İlber Ortaylı,988,1.0
989,https://www.youtube.com/watch?v=tljLwNiukuo,tljLwNiukuo,İlber Ortaylı,989,0.0
990,https://www.youtube.com/watch?v=dci0WuvJstU,dci0WuvJstU,İlber Ortaylı,990,5.0
991,https://www.youtube.com/watch?v=2sSZ0lonRLA,2sSZ0lonRLA,İlber Ortaylı,991,3.0
992,https://www.youtube.com/watch?v=5qX0Aaa_rig,5qX0Aaa_rig,İlber Ortaylı,992,2.0
993,https://www.youtube.com/watch?v=22bckWq9KJg,22bckWq9KJg,İlber Ortaylı,993,2.0
994,https://www.youtube.com/watch?v=yzfjcjHkObI,yzfjcjHkObI,Ľubomír Višňovský,994,4.0
995,https://www.youtube.com/watch?v=z-Pk5KxRwmU,z-Pk5KxRwmU,Łukasz Fabiański,995,0.0
996,https://www.youtube.com/watch?v=ahks7_WGYsU,ahks7_WGYsU,Šarūnas Jasikevičius,996,0.0
997,https://www.youtube.com/watch?v=RM1Rcxfi8v4,RM1Rcxfi8v4,Štefan Füle,997,0.0
998,https://www.youtube.com/watch?v=ci_CV-sF3SA,ci_CV-sF3SA,Žydrūnas Savickas,998,0.0
